NPA,Bicycle Friendliness,Employment,Food and Nutrition Services,High Speed Internet Access,Home Ownership,Home Sales Price,Household Income,Housing Assistance – Development-Based,Housing Code Violations,Neighborhood Organizations,Nuisance Violations,Population - Youth,Proximity to a Grocery Store,Proximity to a Pharmacy,Proximity to Early Care and Education,Proximity to Financial Services,Proximity to Public Outdoor Recreation,Proximity to School-Age Care,Rental Costs,Single-Family Housing,Test Proficiency - Elementary School,Test Proficiency - High School,Test Proficiency - Middle School,Tree Canopy
2,2,95.6%,23.4%,78.7%,40.3%,"$488,364","$75,084",4.4%,1,4,10,27.1%,60.7%,34%,37.8%,24.5%,59.1%,79.4%,"$1,252",44.6%,35.8%,13.3%,43.1%,38.1%
3,2,97.4%,2.9%,92.3%,39.2%,"$667,092","$117,630",3.9%,0,14,2,10.6%,60.4%,96.7%,89.4%,100%,91.5%,79.7%,"$1,883",16.4%,91.3%,92.5%,87.5%,23.1%
4,2,94.3%,0.3%,92.9%,100%,"$1,493,043","$250,001",0%,0,2,2,37.7%,17.8%,2.1%,41.6%,15.2%,1.5%,39.9%,--,89.2%,94.3%,76.9%,80%,59.5%
5,2,82.8%,49.7%,50.3%,14.9%,"$255,031","$49,539",0%,3,6,9,23.4%,8%,47%,99.4%,19%,100%,99.4%,"$1,179",54.3%,15.4%,16.7%,25.9%,41%
6,2,100%,39.3%,52.2%,37.3%,"$445,698","$37,907",0%,2,4,36,18.8%,46.7%,93.4%,100%,69.9%,79.8%,97.3%,"$1,065",83%,40.4%,33.3%,23.8%,34.8%
7,2,96.6%,1.5%,93.2%,84.4%,"$2,660,173","$250,001",0%,0,1,2,32.6%,66.4%,44.6%,0%,75.6%,41.7%,41.7%,--,49.1%,78.6%,--,85.7%,56.2%
8,2,100%,7.1%,78%,43.9%,"$529,911","$85,730",14.1%,0,4,14,2.9%,16%,32.7%,15.1%,45.7%,100%,12.8%,"$1,425",39.1%,54.5%,20%,70.8%,65.9%
9,2,100%,10.1%,88.8%,84.7%,"$760,989","$195,227",0%,1,1,17,15.4%,80.8%,100%,100%,0%,100%,100%,"$1,421",79.9%,61.5%,--,58.3%,33.3%
10,2,95.8%,23.1%,75.1%,44.1%,"$478,229","$60,860",0%,2,5,34,13.8%,63.1%,84.7%,100%,0%,99.6%,100%,"$1,066",70.9%,26.8%,60%,28.3%,28.3%
11,2,99%,1.1%,92.3%,77.9%,"$1,024,397","$174,398",0%,0,4,4,19.8%,62.2%,46%,82.5%,49.4%,100%,83.1%,"$1,634",61.9%,90%,96.2%,83.6%,38.9%
12,1,96.2%,35.8%,61.6%,6.7%,"$126,655","$48,646",2.6%,4,1,3,30.4%,0%,100%,100%,7.4%,97.5%,100%,"$1,273",0%,18.3%,15%,19.5%,51%
13,2,96.9%,16.7%,79.7%,34.2%,"$481,946","$62,795",0%,2,4,11,19.3%,17.6%,23.2%,80.3%,33.4%,61.7%,68.6%,"$1,106",42.6%,29.3%,47.1%,26.5%,30.1%
14,2,100%,20.3%,80.6%,40%,"$357,567","$92,606",0%,0,9,6,13.4%,62.8%,60.4%,83.6%,58.9%,66.6%,76.4%,"$1,433",54.3%,30.3%,39.4%,26.6%,43.3%
15,2,99%,3.2%,99.3%,97.6%,"$581,844","$156,924",0%,0,5,8,15.6%,0%,0%,58.1%,0%,57.2%,--,"$1,635",95.5%,60%,73.7%,78.1%,78.6%
16,2,92.8%,28.5%,72.1%,50.2%,"$273,196","$59,710",0%,1,6,18,22.4%,31.5%,63.1%,99.2%,34.2%,70.3%,99.6%,"$1,155",56.3%,36.4%,30.2%,32.4%,39.9%
17,2,87.8%,35.9%,66.7%,46.9%,"$293,365","$52,798",7.3%,1,3,25,25.7%,75.3%,33.4%,100%,0%,94.7%,100%,"$1,136",68.6%,27.4%,31.8%,23.3%,33.3%
18,2,96.8%,7.5%,83.3%,46.5%,"$798,392","$126,537",7.4%,0,5,4,16.3%,31%,80.9%,23.8%,10.2%,91%,29.2%,"$1,611",38.1%,75.9%,86.5%,52.6%,43.4%
19,2,94.7%,4.3%,90.9%,89.1%,"$418,373","$126,210",0%,0,13,4,21%,33.8%,31.8%,32.2%,0%,88.6%,32.2%,"$1,609",63.6%,76.3%,68%,66.1%,73.2%
20,2,100%,5.3%,85.6%,76.2%,"$418,173","$79,826",0%,0,5,2,19.2%,47.3%,56.8%,21.3%,63.7%,44%,34%,"$1,861",51.7%,75%,84.4%,78.9%,51.1%
21,1,98.4%,34.7%,72.9%,21.7%,"$390,925","$48,313",3.9%,0,5,28,38.5%,1.7%,0%,100%,48.9%,95.8%,51.3%,"$1,135",13.4%,24.4%,29.2%,37.1%,18.8%
22,2,99.6%,6%,85%,17.1%,"$481,698","$90,869",0%,0,7,5,4.8%,0%,0%,53.2%,36.7%,100%,76%,"$1,789",3.2%,33.3%,--,--,9.6%
23,2,100%,48.1%,68.4%,23%,"$591,028","$34,258",51.5%,1,2,14,29.3%,0%,0%,93.5%,0%,96.5%,49.8%,"$1,267",36.7%,27.7%,42.9%,16.7%,73.3%
24,2,100%,3%,85.5%,90.4%,"$327,208","$191,250",0%,1,2,12,9.5%,0%,12%,95.2%,39.6%,98.8%,1.8%,"$1,778",63.5%,81.3%,40%,76.9%,23.6%
25,2,92.4%,2.1%,92.9%,83.7%,"$478,299","$136,136",0%,0,4,10,28.1%,30.2%,20.2%,1.7%,30.2%,47.6%,16.6%,"$2,636",72.4%,79.3%,84.3%,90.6%,66.4%
26,1,96%,11.1%,73.1%,84.2%,"$899,528","$73,059",0%,0,0,0,33.7%,12.8%,0%,2.4%,0%,1.5%,2.4%,"$1,954",100%,52.2%,57.9%,45.8%,72.3%
27,1,93.9%,24.1%,91.6%,70.4%,"$549,583","$63,769",8.5%,0,1,10,30.4%,66.6%,66.6%,55.7%,0%,8.9%,59.1%,"$1,396",69.2%,37.2%,35.4%,43.4%,39%
28,2,100%,2.6%,88.8%,78.5%,"$370,635","$89,125",0%,0,5,4,19.8%,65.3%,91.5%,83.4%,92.5%,36.6%,89.5%,"$1,785",43.2%,83.3%,87.5%,83.3%,32.6%
29,2,94.5%,4.3%,84.5%,81.1%,"$291,169","$118,971",0%,0,4,5,12.5%,0%,0%,60.2%,0%,0%,--,"$1,755",54.6%,71%,60%,70.6%,73.6%
30,2,93.8%,47.1%,75.1%,10.3%,"$475,891","$76,841",24.4%,0,3,8,17.7%,51.7%,42.8%,99.7%,95.7%,87.6%,2.4%,"$1,823",5.4%,11.3%,6.7%,14.3%,22.7%
31,2,100%,0.9%,96.2%,76.3%,"$772,069","$201,484",0%,0,5,7,28.9%,25%,10.6%,54.5%,31.8%,20.6%,20.6%,"$1,761",84.5%,90.2%,85.7%,88.5%,73.5%
32,1,92.1%,6.1%,100%,92.5%,"$234,593","$60,179",0%,0,0,3,0%,100%,100%,100%,100%,83.3%,75.8%,--,0%,--,--,50%,20%
33,2,100%,16.8%,81%,13.8%,"$276,500","$88,854",0%,1,1,6,7.9%,93.9%,94.1%,99.8%,93.9%,94.2%,99.8%,"$1,416",5.9%,39.4%,54.5%,39.4%,29.8%
34,2,90.4%,34.3%,76.7%,74.7%,"$321,646","$70,980",0%,2,7,12,31.7%,37.6%,33.9%,24%,0.2%,46.1%,22.9%,"$1,781",90.9%,43.2%,25%,25%,49.1%
35,--,97.3%,12.7%,86.2%,92.7%,"$372,714","$128,000",0%,0,10,3,19.2%,0%,0%,0%,0%,1.5%,--,$967,89.2%,32.8%,30.8%,26.8%,57.4%
36,2,98.7%,7.9%,82.5%,81.7%,"$435,040","$67,120",0%,0,4,9,19.2%,58.5%,38.2%,50.7%,34%,86%,50.7%,"$1,670",60.3%,66.7%,75%,36.7%,75.9%
37,2,93.2%,30%,85.4%,54.7%,"$348,955","$70,938",28.9%,1,6,36,11.4%,0%,8.7%,31.5%,25.6%,100%,41%,"$1,162",54%,33.3%,12.5%,23.3%,27.3%
38,2,97.1%,16.3%,92.8%,83.9%,"$573,136","$102,100",0%,0,5,6,22.2%,30.5%,20%,61.3%,0%,66.3%,70.9%,"$1,436",59.3%,45.5%,50%,39.1%,31.2%
39,2,94%,24.1%,80.3%,73.4%,"$1,772,045","$79,554",0%,1,8,21,29.2%,14.3%,0%,17.4%,0%,93.1%,17.4%,"$1,685",99.7%,33.7%,38.5%,32.2%,57.1%
40,2,91.5%,32%,59.2%,42.8%,"$367,974","$50,854",0%,1,3,20,21.2%,3.6%,78%,99.9%,0%,72.9%,100%,"$1,347",51.4%,36.8%,27.6%,25.3%,40.8%
41,2,100%,12.6%,82.6%,52.8%,"$254,669","$63,611",0.8%,1,1,6,28.8%,50.6%,49.6%,38.4%,62.5%,100%,26.1%,"$1,578",47.6%,44.1%,55.6%,58.3%,71.4%
42,1,95%,6.5%,89%,68.5%,"$247,895","$109,219",1%,0,4,1,11.9%,0%,2.1%,14.5%,0%,82.5%,82.7%,"$1,594",25.5%,72.2%,55.6%,71.2%,67.9%
43,2,100%,9%,85.1%,62.5%,"$338,218","$105,595",0%,0,1,7,21.4%,0%,60%,74.6%,0%,0%,74.6%,"$1,383",59.9%,73.2%,46.7%,62%,77.2%
44,1,95.9%,4.4%,76%,41.3%,"$764,958","$119,229",0%,0,1,1,24.8%,0%,0%,0%,0%,74.2%,74.2%,"$1,725",34.5%,77.4%,--,55.6%,63%
45,2,96.6%,8.5%,97.4%,62.5%,"$434,200","$132,637",0%,0,4,3,26.1%,29.7%,3.3%,40.3%,0%,29.1%,61.4%,"$1,886",57.5%,51.9%,62.5%,55.8%,39.4%
46,2,93.8%,30.2%,71.3%,38.7%,"$325,353","$49,688",9.4%,0,2,6,18%,0%,0%,64.6%,0%,61.8%,64.6%,"$1,407",43.2%,30.3%,31.8%,34.6%,23.5%
47,2,77.5%,4.5%,85.6%,0%,"$311,143","$130,721",0%,0,0,0,8.2%,99%,0%,89.7%,98.8%,0%,89.7%,"$1,817",3.5%,36.4%,--,57.1%,47.8%
48,1,90.6%,24.1%,84.4%,63.4%,"$581,879","$83,611",0%,0,3,7,31.7%,15.7%,0.3%,81.2%,0%,77.5%,84.2%,"$2,209",83%,32.8%,51.5%,33.7%,64.6%
49,1,99.2%,23.1%,84.8%,60.9%,"$832,500","$79,573",0%,0,3,4,29.8%,0%,0%,70%,0%,54.1%,46.8%,"$1,355",99.6%,35%,45.5%,39%,47.6%
50,2,100%,37.9%,62.1%,35.7%,"$293,935","$41,954",0%,1,2,16,35.4%,64.2%,71.5%,100%,60.5%,52.3%,100%,"$1,107",42.2%,29.8%,42.5%,27.5%,42.8%
51,2,97.8%,6.8%,95.2%,61.1%,"$335,791","$144,310",0%,0,3,7,14.7%,0%,0%,92.4%,72.1%,100%,92.4%,"$1,879",28.2%,53.8%,60%,64.3%,16.3%
52,2,93.3%,32.9%,52.2%,6.6%,"$264,568","$39,612",13.6%,1,3,32,30.3%,81%,29.8%,68.6%,73.3%,100%,68.6%,"$1,117",21.2%,25%,25.8%,19.8%,25.3%
53,2,93.8%,45%,78%,22.9%,"$520,548","$44,899",14.5%,1,4,18,32.2%,21.1%,41.5%,100%,25.8%,100%,100%,"$1,214",38.1%,20.8%,29.2%,17%,53.5%
54,2,91.8%,31.7%,76.3%,90%,"$301,079",--,0%,1,3,36,26.4%,2.3%,7.5%,44%,13.5%,59.3%,39.8%,--,100%,36.6%,21.2%,30.9%,65.6%
55,2,97.4%,7.3%,82.7%,81%,"$253,260","$88,077",0%,0,4,13,20.3%,6.1%,2.4%,33.6%,26.6%,0%,33.6%,"$2,163",74.8%,70%,57.1%,51.9%,60.7%
56,1,96.1%,8.2%,86%,63.1%,--,"$92,045",0%,0,3,3,19.6%,95.9%,85.7%,0%,87.6%,0%,--,"$1,449",28.7%,60.9%,44.4%,50%,54.8%
57,2,94%,39.4%,81.3%,41.4%,"$352,770","$50,466",0%,0,1,2,8.2%,99%,0%,100%,81.4%,94.5%,100%,"$1,146",27.4%,29.8%,25%,25.3%,18.3%
58,2,94.4%,41.1%,73.3%,44.7%,"$222,328","$65,068",32.3%,2,2,19,39.3%,81.8%,53.5%,100%,16.1%,90.1%,100%,"$1,080",52.4%,34.5%,15.4%,33.3%,41.9%
59,2,96.9%,33.9%,84.5%,30.7%,"$965,152","$55,575",0%,3,2,10,16.8%,18.7%,60.1%,95.2%,18.4%,78.4%,88.6%,"$1,342",28.9%,24.7%,38.5%,31.8%,38.2%
60,2,96.3%,22.1%,79.6%,0.9%,"$321,864","$27,206",0.5%,0,2,1,8.5%,0%,0%,88%,0%,61.7%,88%,$916,0.3%,29.3%,39.1%,22.6%,38.8%
61,2,96.9%,18.3%,77.8%,71.2%,"$259,980","$49,000",0%,1,1,14,27.6%,0%,0%,99.3%,0%,100%,99.3%,$652,63.8%,34.8%,46.7%,13.6%,23.5%
62,2,73.3%,0.6%,--,--,"$226,333",--,--,--,2,--,0%,--,0%,--,--,--,--,--,--,--,--,--,23.5%
64,2,96.3%,19.3%,75.1%,11%,"$328,737","$36,029",1.2%,1,4,4,13.6%,39.1%,0%,51.7%,81.5%,42.1%,51.7%,"$1,087",9.3%,26%,26.3%,13.8%,32.1%
65,2,99.4%,22%,100%,0%,"$445,947","$65,250",0%,0,2,1,25.7%,85.6%,46.2%,60.7%,0%,65.9%,60.7%,"$1,528",0.1%,33.3%,5.9%,27.3%,47%
66,2,95.6%,18.4%,70.5%,9.3%,"$372,176","$44,985",0%,1,5,2,12.9%,100%,77.8%,0%,78.7%,100%,--,"$1,340",2.1%,22.2%,25%,30%,15.1%
67,2,100%,18.9%,91%,0%,--,"$72,162",0%,0,1,1,13.9%,100%,0%,99.9%,0%,71.4%,99.9%,"$1,659",0.1%,20%,14.3%,23.8%,23.9%
68,1,98.3%,22.1%,77.2%,39.7%,--,"$53,191",0%,1,6,5,27%,55.7%,55.2%,95%,56.9%,16.7%,96.7%,"$1,740",30.5%,41.4%,35.3%,32.1%,36.7%
69,2,98.2%,3%,88.5%,41.6%,"$181,539","$141,985",0%,1,4,2,21.5%,78.3%,67.2%,0%,84.6%,57.9%,50.9%,"$2,123",22.1%,84.2%,80%,95%,40%
70,2,85.1%,37.4%,57.5%,68%,"$257,780","$41,910",0%,1,5,30,17.4%,67.4%,44.1%,100%,52.3%,100%,100%,"$1,327",100%,18.9%,21.4%,25.6%,18.6%
71,2,89.2%,32.2%,70.2%,27.3%,"$1,275,531","$62,936",10.2%,1,1,5,25.6%,62.8%,59.7%,100%,69.9%,76.3%,100%,"$1,287",14.5%,21.5%,23.6%,19.7%,62.3%
72,2,97.9%,19.5%,97.9%,26.2%,--,"$72,584",0%,0,5,1,13.5%,10.2%,33.4%,0%,6.9%,67.5%,--,"$1,686",9.3%,44.2%,42.9%,50%,38.9%
73,2,97.1%,23.8%,73.9%,74.6%,"$489,675","$69,497",0%,0,5,7,29.2%,4.6%,1.5%,36.5%,0%,8.2%,5.4%,"$1,174",99.8%,47.7%,36.5%,38.8%,58%
74,2,90.7%,7.5%,84.8%,66.4%,"$312,952","$83,224",0%,0,2,3,6.9%,69.2%,68.6%,0%,0%,100%,41.1%,"$1,430",23.2%,73.3%,--,42.1%,41.3%
75,1,97.1%,6.2%,87.9%,60%,"$259,033","$103,056",0%,0,1,0,19.6%,26.5%,92.7%,78.2%,0%,56.7%,84.8%,"$1,745",20.2%,76.3%,85.4%,74.4%,47.2%
76,1,95.8%,16.8%,96.9%,89.2%,"$297,141","$110,625",4.6%,0,4,4,24.5%,0.5%,8.4%,28.1%,2.4%,12%,6.9%,"$2,617",80.6%,52.8%,46.2%,41.2%,66.2%
77,1,93.3%,21%,80.4%,47.3%,--,"$74,665",0%,0,5,2,32.4%,55.2%,57.6%,91%,50.3%,61.1%,90.5%,"$1,540",43.4%,50.5%,43.8%,37.9%,54.9%
78,1,89.7%,17.2%,90.8%,66%,"$292,350","$92,682",0%,0,1,8,21.2%,24.1%,44.7%,70.4%,34.6%,33%,70.4%,"$1,700",38.9%,45.9%,35.7%,34.4%,45.2%
79,1,92.1%,30.5%,44.1%,7%,"$304,046","$35,194",7.4%,1,1,1,39%,76.3%,100%,100%,0%,100%,100%,"$1,205",0%,18.1%,15.2%,9.4%,52.9%
80,2,100%,24.9%,95.8%,24.3%,"$318,182","$69,407",0%,0,3,0,20.2%,80.2%,0%,82.4%,0%,0.7%,82.4%,"$1,420",1.1%,38.5%,14.3%,43.5%,49.2%
81,1,85.5%,20%,90.5%,88.6%,"$295,565","$81,680",14.8%,0,2,4,12.9%,3.1%,39.8%,97.1%,32.5%,98.9%,100%,"$2,071",51.2%,61.3%,57.1%,26.7%,55.6%
82,1,97.1%,12.8%,82.1%,40.9%,"$302,500","$74,500",0%,0,9,2,12.1%,36.5%,49.9%,99%,38.7%,81%,99%,"$1,805",30.4%,45%,50%,39.8%,45.7%
83,1,90.3%,20.2%,79.9%,37%,"$165,684","$49,730",0%,0,4,0,32.6%,0%,0%,25.7%,0%,39.7%,4%,$861,99%,23.6%,17.4%,21.1%,83%
84,2,100%,16.2%,75.2%,42.4%,"$344,791","$55,952",0%,0,0,0,5.6%,0%,4.1%,3.2%,0%,82.1%,70.7%,"$1,526",30.3%,33.3%,--,30%,76.1%
85,2,96.5%,62.3%,73.6%,41.6%,"$272,712","$34,568",10.6%,4,3,44,21.6%,35.2%,31.5%,100%,46%,100%,100%,"$1,238",81%,12.5%,33.3%,19.3%,32%
86,2,91%,32%,74.1%,6.8%,"$454,765","$53,229",3.3%,1,1,1,28%,100%,100%,98%,1.7%,99.8%,100%,"$1,379",1.8%,18.4%,22.2%,15.8%,23.3%
87,2,100%,17.7%,86.1%,42.2%,"$342,462","$75,281",4.6%,1,4,20,6.2%,59.8%,46.4%,99.4%,28.7%,100%,99.4%,"$1,504",45.2%,50%,--,50%,36.5%
88,2,82.5%,48%,51.9%,73.5%,"$239,152","$32,434",3.3%,1,7,28,18.3%,0%,4.1%,100%,0%,100%,100%,"$1,147",81.9%,26.8%,43.8%,33.3%,30.8%
89,2,90.8%,30.2%,72.5%,51.2%,"$330,630","$52,420",0%,0,3,17,30.9%,54.9%,0%,98.7%,0%,0%,98.7%,"$1,239",100%,36.8%,50%,38.5%,48%
90,2,98.1%,28%,69.9%,22.2%,"$358,163","$45,307",35.3%,1,2,15,26%,6.3%,63%,51.4%,33.1%,100%,51.4%,"$1,072",40.7%,28%,50%,20.8%,43.3%
91,1,89.4%,23.5%,80.6%,50.5%,"$330,051","$59,592",0%,0,2,15,18%,0%,0%,97%,0%,32.7%,97%,"$1,181",82.8%,32.9%,36%,32.1%,46.4%
92,1,93.9%,16.3%,78.6%,12.3%,"$676,467","$86,922",8.8%,0,2,3,18.6%,75%,100%,83.7%,100%,12.4%,83.7%,"$1,595",0.4%,26.7%,40%,34.3%,24.4%
93,2,89%,35.3%,79.1%,0%,"$284,554","$53,185",0%,0,1,2,32.3%,92.9%,99.4%,100%,75%,0%,75%,"$1,329",0.2%,32.8%,27.3%,14.5%,51.3%
94,2,91.7%,55.9%,76.1%,56.6%,"$341,948","$44,250",0%,1,9,38,32.7%,52.9%,12.1%,55.6%,53.6%,99.3%,55.6%,"$1,411",64.5%,31.8%,11.5%,17.7%,44.3%
95,2,92.2%,16.4%,92.4%,62.6%,"$372,534","$83,868",0%,0,2,10,20.2%,62.4%,61.5%,89.7%,65.4%,75%,89.7%,"$1,383",52.7%,50.8%,36.4%,32.2%,42.5%
96,2,96.8%,17.9%,84.2%,41.2%,"$295,964","$85,523",4.4%,0,3,4,19.8%,54.7%,34.4%,100%,51.9%,0%,100%,"$1,663",24.3%,42.1%,32.1%,24.8%,46.5%
97,1,98%,12.2%,89%,59%,"$289,979","$96,436",0%,0,6,7,21.6%,14.3%,11.8%,34.5%,20.5%,90.9%,34.5%,"$1,623",49.5%,36.4%,43.3%,22.7%,59%
98,1,98.8%,25.1%,82.8%,88.4%,"$375,145","$61,200",0%,0,4,14,29.2%,0.6%,0.8%,56.9%,0%,31%,57%,"$1,815",84.7%,54.9%,46.7%,36.1%,55.2%
99,2,96.9%,10.1%,85.9%,76.1%,"$343,438","$95,500",0%,1,4,33,23.1%,32.9%,0%,30.5%,38.8%,100%,27.6%,"$1,464",100%,61%,45%,46.5%,50.9%
100,1,83.8%,31.5%,65.9%,51.7%,"$252,679","$55,208",0%,1,3,24,41.4%,0%,25.9%,97.2%,0%,99.3%,100%,"$1,204",62.3%,41.3%,37.5%,17.5%,35.5%
101,2,94.3%,34.9%,57.3%,8.4%,"$342,375","$34,107",0%,1,1,7,35.2%,0%,0%,100%,0%,19.5%,100%,"$1,194",12.9%,27%,25%,9.2%,26%
102,1,90.3%,35.9%,82.7%,59.2%,"$458,319","$56,543",0%,0,1,21,22.4%,61.5%,8.4%,100%,0%,89.6%,100%,"$1,310",61.5%,26.8%,17.4%,32.7%,30.3%
103,2,95.5%,29.4%,80%,14%,"$327,236","$49,708",0%,1,1,33,20.3%,0%,0%,91.4%,0%,4.5%,91.4%,"$1,390",25.6%,13.5%,20%,24.1%,28.8%
105,2,94.4%,7.6%,87.5%,86.3%,"$416,477","$143,640",4.8%,0,3,1,21.5%,18.4%,1.3%,1%,8.4%,100%,1%,--,24.6%,47.8%,44.4%,26.1%,51.8%
106,2,97.5%,31.1%,61%,2.9%,"$291,460","$34,789",0%,2,1,28,28.5%,99%,44.3%,98.5%,100%,100%,100%,"$1,107",5.4%,18.1%,22.2%,8.2%,18.1%
107,2,97.8%,24.6%,90.2%,14.5%,"$323,456","$61,679",0%,1,0,4,29.7%,0%,0.7%,35.9%,0.2%,63.6%,35.9%,"$1,510",3.8%,38.6%,37.5%,29.6%,55.1%
108,--,96.4%,19.1%,91%,58.7%,"$574,056","$118,906",0%,--,2,8,26.8%,0%,0%,91.4%,0%,54%,95.8%,"$1,688",80.1%,52.6%,23.1%,63.6%,75.4%
109,1,93.3%,20.9%,95.4%,71.4%,"$172,925","$90,500",8.1%,0,4,2,24.6%,53.6%,39.4%,10.4%,48.5%,13.5%,--,"$1,412",53.5%,36.5%,36.4%,29.8%,64.7%
110,2,95.7%,29.8%,80.5%,53.4%,"$292,822","$77,995",0%,0,4,7,24.8%,56.1%,50.4%,0%,62.9%,18.1%,--,"$1,404",37.3%,34.5%,52.6%,30.2%,55.6%
111,1,96.7%,17.4%,94.4%,47.6%,"$255,318","$108,685",6%,0,6,4,28.5%,15.3%,20.4%,0%,0%,0%,--,"$1,803",62.2%,33.7%,35.8%,39.1%,48.4%
112,1,94.2%,20.4%,86.9%,74.1%,"$434,725","$87,292",0%,0,2,7,19.1%,0%,0%,48%,0%,31.4%,13.6%,"$1,169",90.9%,32.7%,31.6%,31.6%,63%
113,2,98.5%,28.8%,88.8%,76.2%,"$516,667","$76,962",0%,0,9,9,25.4%,0%,0%,52.1%,2.5%,36.8%,35.7%,"$1,436",95.7%,33%,36.5%,30.8%,36.9%
114,2,80.3%,56.1%,61.9%,4.4%,"$253,600","$32,321",48.4%,1,1,36,46.1%,0%,9.3%,89.8%,26.2%,95.7%,97.7%,"$1,046",40.6%,29.6%,0%,22.7%,46.6%
115,2,92.9%,3.8%,96.7%,70.8%,"$721,467","$165,232",0%,0,5,3,28.8%,26.5%,44.4%,52%,37.3%,23.8%,52%,"$2,007",73.3%,81%,93.5%,82.6%,48.3%
116,--,92.9%,28.5%,82%,60.4%,"$663,618","$99,495",6.2%,--,4,10,33.1%,64.2%,85.2%,72.5%,29%,25.9%,61.6%,"$1,431",37.7%,31%,23.4%,33.7%,34.7%
117,2,99.2%,28.4%,86.8%,70.6%,"$607,896","$76,898",0%,0,4,9,28.1%,16.5%,20.5%,85.5%,0%,30.8%,85.5%,"$1,880",83.5%,34.5%,30.2%,32.7%,45.3%
118,--,94.2%,2.7%,98%,91.9%,"$235,122","$136,304",0%,--,0,0,29.2%,0%,0%,64.8%,0.2%,73.6%,67%,"$1,201",100%,89.2%,71.4%,79.5%,75.7%
119,2,41.3%,26.6%,78.3%,67.1%,"$416,720","$93,882",0%,0,6,16,20.7%,14.9%,24.3%,14.3%,0%,61%,14.3%,"$1,434",66.3%,34.8%,31.8%,46.6%,50.5%
120,1,87.6%,59.6%,59.3%,38.1%,"$431,956","$29,568",43.4%,2,2,46,36.2%,0%,0%,100%,0%,100%,100%,"$1,414",47.7%,31.4%,29.2%,16.9%,26.5%
121,2,98.4%,33.4%,86.4%,36.6%,"$367,039","$66,250",4.1%,1,4,28,17.9%,0.1%,4.3%,99.9%,49.8%,66.9%,99.9%,"$1,808",54.2%,22.9%,21.9%,25.8%,40.1%
122,2,--,--,--,--,"$248,462",--,--,--,--,--,--,--,--,--,--,--,--,--,--,--,--,--,6.9%
123,2,100%,39.8%,74%,57.9%,"$591,272","$53,675",0%,1,9,13,16.1%,1.1%,21.7%,98.8%,0.6%,90.1%,98.8%,"$1,102",74.3%,21.1%,22.7%,13.9%,35.1%
124,2,100%,65.4%,58.8%,28.4%,"$411,068","$66,402",32.9%,1,6,20,13.4%,95.2%,72.5%,100%,97.5%,100%,100%,"$1,105",45.2%,23.2%,9.5%,22.9%,28.2%
125,2,97.5%,39.3%,90.6%,61.2%,"$342,726","$58,644",0%,0,4,26,36%,23.3%,0%,60.7%,19.3%,73.7%,60.7%,"$1,510",74.5%,25.7%,41%,23.3%,36.8%
126,2,95%,42.3%,82.1%,51.3%,"$313,538","$127,902",42.6%,0,1,7,22.5%,0%,0%,100%,0%,100%,--,"$1,027",18.3%,24.2%,30.8%,22.5%,12.9%
127,1,94.9%,31.4%,54.5%,22.5%,"$626,286","$42,625",0%,2,5,9,31.4%,13.6%,29.3%,93.5%,80.5%,87.1%,93.4%,"$1,260",29.2%,32.2%,24.2%,23%,32%
128,2,90.3%,33.7%,58.6%,27.4%,"$294,464","$56,477",26%,2,2,32,23.4%,0%,28.2%,99.3%,26.6%,98.8%,99.3%,"$1,055",53.3%,30.4%,29.7%,18%,43.8%
129,2,99.6%,2%,96.2%,87%,"$249,688","$128,533",0%,0,1,4,21.2%,17.3%,19.7%,2.5%,15.3%,86.5%,2.5%,"$1,663",82%,83.9%,63.6%,80%,79.5%
130,1,97.3%,2.7%,88.6%,89.1%,"$837,800","$150,156",0%,0,5,0,17.4%,0%,0%,1.4%,0%,9.2%,6.8%,"$1,165",88.6%,65.1%,81.3%,68.4%,92.7%
131,1,99.7%,16.2%,96.5%,77.7%,"$572,340","$72,480",0%,0,1,7,19.3%,0%,2.1%,3.4%,1.3%,50.4%,41.6%,"$1,939",93.1%,52.9%,42.9%,39%,53.3%
132,2,100%,5%,84.8%,51.2%,--,"$90,886",0%,0,1,31,15.5%,88.5%,0.4%,39.7%,89.5%,100%,--,"$1,056",88.9%,63.6%,--,80%,52.3%
133,2,95.6%,2.6%,96.3%,53.6%,"$287,436","$95,411",0%,0,4,4,26.4%,39.6%,42.4%,97.1%,94%,100%,97.1%,"$1,321",34.3%,87.5%,83.3%,75%,51.9%
134,1,69.7%,30.9%,80.6%,28.8%,"$273,512","$69,363",0%,0,1,26,34.8%,41.5%,0%,100%,0%,100%,100%,"$1,736",45%,33.3%,23.5%,47.4%,47.8%
135,1,82.5%,44%,82.1%,12.3%,"$290,295","$47,813",0%,3,1,5,35.2%,0%,100%,94.4%,100%,100%,94.4%,"$1,271",0%,19.3%,18.8%,17.9%,26.9%
136,1,97.8%,12.7%,94.3%,77.5%,"$410,083","$136,597",0%,0,3,10,21.7%,0%,9.2%,7.8%,0.8%,48%,5.6%,"$1,786",100%,35.3%,50%,44.4%,52.8%
137,1,84.6%,30.5%,73.5%,54.7%,"$607,071","$65,784",0%,1,2,16,26.6%,0%,1.1%,0%,0.4%,1.1%,--,"$1,694",99.8%,39.1%,22.5%,42.9%,39.9%
138,1,100%,41.2%,57.8%,81.8%,"$362,316","$60,794",0%,1,1,90,19.3%,0%,0%,99.7%,0%,92.1%,99.7%,"$1,101",100%,38.2%,41.7%,24.1%,28.5%
139,2,100%,36.2%,81.9%,43%,"$278,580","$55,417",0%,1,1,39,26.4%,15.7%,45.2%,83.6%,17.6%,57.9%,83.6%,"$1,291",90.3%,31.8%,37.5%,30.2%,53.6%
140,2,94.6%,28.8%,76.2%,59.4%,"$485,566","$77,418",15.3%,0,2,14,22.1%,11.3%,23.6%,85.8%,10.4%,88.1%,83.5%,$979,85.1%,39.3%,41.7%,40.4%,50.1%
141,2,100%,45.6%,63.7%,54.9%,"$846,389","$34,650",0%,2,2,73,29%,0%,98.8%,99.1%,0.3%,22.8%,99.1%,"$1,286",80%,22.2%,37.5%,21.6%,27.5%
142,2,93.9%,25.8%,77.1%,31.5%,"$607,985","$70,474",0%,1,5,14,19.2%,0%,97.7%,94.9%,3.2%,100%,94.7%,"$1,423",19.4%,20.8%,17.2%,26.6%,42.8%
143,2,100%,0.8%,98.5%,90.8%,"$319,042","$218,393",0%,0,5,0,32.3%,8.4%,13.8%,0%,0%,30.8%,24.3%,--,53.3%,78.6%,100%,80.6%,65.9%
144,--,94.5%,41.3%,76.5%,32%,"$1,107,147","$51,630",0%,--,0,2,27.4%,50.4%,54.6%,100%,0%,0%,96.7%,"$1,401",22.8%,28.8%,34.5%,29.5%,39.5%
145,--,89%,26.5%,79.8%,59.8%,"$676,608","$78,158",0%,--,1,2,25.5%,7.9%,1.7%,32%,4.5%,96.9%,30.8%,"$1,138",56.7%,28.8%,40%,33.3%,52%
146,2,95.2%,22.4%,86.3%,63.2%,"$290,167","$61,793",0%,0,5,20,21.7%,13.6%,52.4%,37.2%,54.3%,34.3%,21.4%,"$1,974",91%,47.1%,35.5%,34.8%,44.7%
147,2,94.7%,27.2%,85.2%,59.5%,--,"$42,536",0%,2,9,12,33.4%,18.6%,29.3%,59%,0.1%,9%,58.9%,"$1,230",49%,32.9%,36.4%,37.1%,46.1%
148,1,95.8%,1.7%,95.2%,79.4%,"$409,175","$174,625",0%,0,9,3,32%,47.6%,54.6%,4.5%,50.2%,77.4%,74.2%,"$1,760",67.9%,86.4%,63.6%,82.6%,69.8%
149,2,97.2%,4.7%,93%,77.6%,"$271,526","$102,083",0%,0,1,2,12.1%,31.8%,44.5%,0.8%,50.9%,64.2%,54.5%,"$1,750",18.7%,89.7%,90.5%,76.5%,43.5%
150,1,100%,29.6%,78.4%,49.8%,"$275,050","$57,143",0%,1,3,14,32.6%,0%,14.5%,96%,0%,43.1%,86.2%,"$1,231",82.3%,36.4%,34.3%,23.8%,57.1%
151,1,92.1%,4.2%,90.8%,79.5%,"$304,061","$147,440",0%,0,1,5,29.4%,0%,0%,74.5%,45.2%,96.7%,74.5%,"$2,154",79.3%,78.3%,83.8%,76.6%,43.3%
152,2,90.9%,19.3%,41.5%,79.4%,"$213,737","$50,227",0%,1,0,8,32.4%,0%,0%,0%,0%,19.6%,2.9%,"$2,060",99.4%,20%,26.7%,25.9%,55.8%
153,2,96.1%,15.6%,93.3%,82.7%,"$257,312","$119,829",0%,0,10,5,22.9%,29.4%,43.8%,39.6%,28%,1.8%,--,"$2,367",72.8%,32.4%,50.8%,48%,41.5%
154,2,95.8%,11.1%,89.4%,50.5%,"$349,851","$86,076",0%,0,8,5,29.2%,42.5%,42.7%,72.6%,39.1%,37.3%,63.9%,"$1,671",66.6%,41.4%,38.5%,47.8%,49.2%
155,1,96.8%,26.3%,83.7%,56.5%,"$242,590","$80,254",0%,0,3,5,17.2%,42.7%,26.2%,0%,0%,40%,--,"$1,430",42.2%,35.2%,31.6%,28.4%,35.9%
156,1,95.2%,26.3%,88.3%,79.2%,"$329,087","$85,429",0%,0,4,10,22.6%,36.7%,29.8%,46.4%,0%,64.7%,65.1%,"$1,470",93.9%,36.1%,27%,40.7%,46.8%
157,2,86.9%,39.9%,92.4%,24.2%,"$677,971","$46,192",0%,0,5,11,17.8%,0%,1%,100%,56.1%,78.4%,76.6%,"$1,487",21.1%,18.5%,0%,7.1%,7.6%
158,2,93.8%,35.6%,85.3%,55.8%,"$405,518","$55,089",0%,0,5,20,24.6%,0%,0%,78.2%,0%,50.7%,78.2%,"$1,353",100%,28.7%,37%,27.9%,32.6%
159,2,97%,56.8%,80.5%,24.6%,"$301,515","$34,583",19.1%,1,3,42,35.6%,0%,0%,100%,0%,100%,82.6%,"$1,238",61.6%,32.5%,16.7%,34.1%,47.4%
160,2,100%,36.3%,64.1%,67.7%,"$542,213","$62,798",0%,1,3,22,22.7%,0%,0%,78.4%,0%,84.2%,75.3%,"$1,336",80.9%,27.2%,10.3%,22%,31.3%
161,1,100%,19.5%,69.4%,8.1%,"$518,758","$52,147",0%,2,0,0,11%,0%,0%,0.3%,0%,100%,19.8%,"$1,478",11.2%,32.5%,43.5%,31%,67.1%
162,1,84%,29.7%,64.6%,65.4%,"$362,646","$57,222",0%,1,1,22,37.1%,26.3%,44.4%,100%,0%,96.3%,100%,"$1,638",92.7%,28.1%,23.1%,19.5%,42.7%
163,2,93.3%,19.5%,85.4%,46.5%,"$400,781","$92,143",16.8%,0,13,6,15.8%,96.4%,100%,99.9%,100%,100%,99.9%,"$1,743",25.5%,33.3%,75%,38.9%,20.3%
164,2,95.4%,30%,54%,25.9%,"$395,623","$51,884",0%,1,6,22,31.8%,86.9%,72.3%,79.7%,94.5%,88.3%,79.7%,"$1,112",29.2%,21%,22.7%,21.5%,38.9%
165,1,97.2%,37.4%,54.5%,14.7%,"$322,156","$49,379",0%,1,1,10,33.8%,79.4%,86.5%,100%,93.8%,96.1%,100%,"$1,262",23.4%,32.4%,35.7%,20.9%,38.2%
166,2,87.6%,36.1%,98.2%,43%,"$581,477","$49,394",0%,1,1,21,16.5%,99.7%,92.4%,100%,1.5%,3.1%,100%,"$1,357",19%,19.6%,18.8%,14.8%,37.7%
167,2,92.9%,46.9%,85.2%,35%,"$479,042",--,18.2%,1,0,16,10.9%,57.9%,70.1%,100%,0%,100%,100%,"$1,180",22.3%,29.7%,27.3%,34.3%,38%
168,2,95.6%,37.4%,66.2%,61.5%,"$278,200","$49,189",0%,1,3,25,23.1%,14.3%,14.4%,99.7%,34.4%,68.6%,99.7%,"$1,430",70.6%,30%,27.8%,25.8%,36.3%
169,2,100%,5.1%,97.2%,56.5%,"$522,000","$120,847",0%,0,1,1,28%,0%,25.2%,84.2%,0%,75.4%,86.1%,"$1,841",35.2%,75.3%,81.5%,77.4%,52.4%
170,1,90.7%,3.9%,96.2%,82.7%,"$272,450","$114,625",0%,0,1,2,33.6%,22.6%,28.5%,51.6%,48.7%,76.8%,54.6%,"$1,837",71.5%,78.3%,87.9%,84%,57%
171,1,97.7%,7.9%,88.4%,37.8%,"$276,069","$115,313",0%,0,2,6,10.6%,74.4%,88.9%,92.6%,88.3%,0%,92.6%,"$1,721",35.9%,61.5%,--,63.6%,38.3%
172,2,96.4%,4%,85.3%,46.8%,"$272,433","$144,135",0%,0,1,1,34.9%,65%,33.4%,29.5%,72.4%,96.4%,78.1%,"$2,002",37.3%,79.6%,88.8%,86%,45.5%
173,1,95.5%,37%,80.1%,65.6%,"$1,401,196",--,0%,0,4,24,21.4%,0%,0%,100%,13.4%,99.3%,100%,"$1,406",79.4%,33.3%,29.4%,25.6%,39.4%
174,2,93.7%,23.4%,71.2%,89.8%,"$382,500","$79,000",0%,0,6,6,20.2%,16.6%,49.1%,5.7%,0%,16.8%,11.2%,"$1,818",38.2%,53.1%,52%,39.7%,57.7%
175,2,91.6%,2.8%,94.5%,86.4%,"$257,640","$138,679",0%,0,5,4,23.9%,0%,0%,0%,0%,25.4%,--,"$2,133",99.7%,67.6%,93.3%,94.6%,82.6%
176,2,98.2%,3.5%,87%,88.5%,"$381,147","$157,454",0%,0,5,5,19.8%,27.2%,24.8%,32.4%,20%,9.7%,38.7%,"$2,287",83.8%,78.8%,81.8%,76.5%,54%
177,2,97.3%,1.3%,88.8%,93.6%,"$243,738","$240,000",0%,0,5,6,31.7%,0%,23.9%,0.5%,0.2%,0%,0.5%,"$2,738",63.5%,82.6%,66.7%,68.1%,74.5%
178,1,96%,18.6%,84.5%,14.2%,"$305,083","$78,219",5.5%,0,1,4,12.3%,0%,18.9%,25.4%,46.7%,5.4%,25.4%,"$1,617",7.9%,42%,22.7%,27.5%,42.1%
179,2,97.6%,1.5%,89.4%,94.5%,"$266,979","$156,250",0%,0,6,3,29.8%,14.8%,24.5%,70.6%,20.2%,30.1%,70.6%,--,82.3%,95.2%,70%,84.6%,46.2%
180,2,89.6%,24.3%,79.4%,80.7%,"$334,864","$99,545",0%,0,2,35,31.2%,0%,3.3%,100%,11.9%,85%,100%,"$1,221",99.6%,40%,32%,36.4%,40.1%
181,1,96.7%,2.7%,86.3%,60.6%,"$542,350","$90,893",0%,0,7,4,21%,44.5%,44.1%,64.7%,3.9%,66.5%,64.7%,"$1,460",54.5%,75.4%,83.3%,68.4%,62.5%
182,2,95%,45.4%,75%,81.3%,"$528,237","$44,500",0%,1,4,21,6%,0%,31.9%,100%,0%,100%,2.6%,"$1,125",81.5%,13%,--,38.1%,18.2%
183,2,100%,35.4%,100%,16%,"$346,814","$51,905",0%,0,1,15,37.4%,14.3%,15.9%,100%,1.7%,89.7%,99.7%,"$1,680",49%,37.8%,20%,23.8%,51.6%
184,2,97.3%,1%,92.6%,85.9%,"$280,989","$199,950",0%,0,1,13,26.4%,37.8%,84.4%,80.6%,57.9%,91.4%,97.4%,"$2,054",95.6%,71.4%,85.7%,84.6%,43.4%
185,3,96.3%,24.7%,71.2%,0.9%,"$487,287","$53,794",0%,3,1,2,23.6%,0%,100%,100%,50.8%,33.7%,100%,"$1,402",0.1%,27.8%,33.3%,13.5%,40.7%
186,2,94.8%,27.3%,86.9%,81.2%,"$537,674","$65,263",0%,0,3,30,25.3%,35.6%,3.5%,97%,4.5%,89.8%,97.1%,"$1,552",97.8%,41.7%,35.4%,34.4%,58.8%
187,1,100%,6.2%,94.2%,51.2%,"$640,647","$132,793",0%,0,2,6,31.1%,77%,72.8%,100%,64.4%,76.7%,100%,"$1,902",76.5%,66.7%,63.6%,75%,47.1%
188,1,96.4%,10.9%,91.4%,52.1%,"$290,948","$124,583",0%,0,2,3,38.6%,74.6%,68.9%,98.2%,83.3%,45.3%,98.2%,"$1,720",34.4%,63%,81.3%,68.8%,46.6%
189,1,95.7%,11.1%,77.5%,1.7%,"$596,958","$71,349",0%,0,0,0,28.1%,88.3%,88.3%,0%,95.8%,0%,--,"$1,938",11.7%,69.6%,93.8%,71.7%,44.5%
190,2,100%,43.4%,73.9%,37.4%,"$505,042","$41,290",0%,2,1,29,15.8%,0%,0%,0%,49.3%,63.2%,--,"$1,153",100%,42.5%,38.5%,29.5%,26.7%
191,2,99.4%,20.4%,85.3%,60.1%,"$371,783","$71,374",0%,0,6,6,25.8%,19.7%,44.2%,6.5%,16.7%,91.8%,6.5%,"$1,625",63.8%,30.6%,42.1%,39.5%,53.6%
192,1,94.3%,21.6%,83.7%,66.4%,"$329,514","$85,938",0%,0,6,9,27.7%,34%,0.3%,82.9%,49%,76.2%,87.3%,"$1,611",65%,40%,51.4%,39.4%,37.7%
193,2,93.7%,9.7%,95.1%,50.6%,"$667,910","$125,893",0%,0,4,2,27.7%,64.8%,69.5%,97%,79.5%,27.3%,96.3%,"$2,067",46%,65%,92.3%,45.5%,38.7%
194,--,99.2%,2.5%,95%,72.7%,--,"$166,382",0%,--,2,1,31.1%,4.4%,15.6%,49.8%,19.6%,58.4%,0.1%,"$1,454",76.8%,88.7%,90.7%,79%,68.2%
195,1,99.3%,23.9%,78.8%,24.1%,"$387,026","$66,727",6.8%,0,0,0,29%,0%,0%,1.2%,0%,0%,1.2%,"$1,537",17.3%,47.1%,41.7%,33.8%,59%
196,1,94.5%,28.3%,79.6%,67.5%,"$301,635","$63,403",8.9%,0,3,18,17.4%,49.4%,47%,95%,8.4%,90%,95%,--,63.7%,23.3%,41.9%,40.2%,49.9%
197,2,97.9%,31.7%,73.8%,51.7%,"$437,083","$62,424",4.9%,1,2,13,23.7%,0%,0.2%,100%,0.1%,95.8%,100%,"$1,311",44.2%,42.3%,30%,41.3%,39.5%
198,1,99%,8.3%,72.2%,55.5%,"$814,429","$124,737",9.4%,1,4,5,22.6%,0%,0%,28.4%,0%,91.6%,42.9%,"$1,783",68.7%,72.7%,40%,65.8%,77.7%
199,2,95.6%,49.1%,76%,9.2%,"$312,553","$58,512",0%,6,4,10,16.3%,43.6%,6.9%,99%,0%,66.3%,99%,"$1,079",22.7%,23.7%,29.5%,29.2%,26.1%
200,2,95.7%,66.7%,85.6%,28.2%,"$458,091","$55,476",54%,1,0,4,30.5%,0.9%,1.3%,100%,100%,100%,100%,"$1,048",0%,27.1%,36.4%,20.8%,11.3%
201,1,96.2%,4.1%,81.9%,80.8%,"$526,580","$174,732",0%,0,6,2,20.7%,23.6%,25.8%,55.9%,0%,53%,62.8%,--,58.7%,67.1%,72.2%,68.9%,58.8%
202,2,94.3%,29.4%,61.7%,53.8%,"$897,500","$46,250",0%,1,3,28,22.6%,40.6%,0%,100%,38.1%,98.3%,100%,"$1,407",62.6%,32.5%,18.8%,32.6%,36.1%
203,2,91.6%,13.8%,87.9%,85.8%,"$433,565","$112,770",0%,0,1,5,20.5%,0%,0%,1.4%,0%,0%,1.4%,"$2,147",86.3%,40%,46.4%,38.2%,77.1%
204,1,95.9%,5.3%,81.6%,76.1%,"$236,500","$166,012",0%,0,1,3,20.9%,87.4%,92.5%,12.2%,97.9%,69%,7.9%,"$1,938",62.1%,80.4%,75.9%,73.1%,34.9%
205,1,100%,0.6%,95.7%,100%,"$336,500","$213,281",0%,0,2,1,26.5%,7.9%,0%,27%,0%,16.8%,--,--,100%,96%,100%,90%,70%
206,1,95.5%,3.4%,98.5%,45.3%,"$354,773","$107,357",0%,0,0,0,27.2%,72.6%,65.5%,39.8%,83.5%,14.7%,--,"$1,552",51%,75.5%,82.6%,77.3%,55%
207,2,98.5%,19.9%,86.8%,2.5%,"$346,495","$68,299",0%,0,0,2,19.2%,0%,40.9%,82.9%,53.2%,100%,82.9%,"$1,594",4.3%,35.9%,33.3%,22.9%,24.4%
208,2,98.7%,0%,95.3%,98.7%,"$1,163,259","$195,326",0%,0,3,7,32.4%,0%,0%,36.5%,0.3%,13.7%,12%,--,96.2%,91.7%,88%,80%,38.8%
209,2,96.1%,22%,81.8%,55.2%,"$983,262","$70,227",0%,0,5,5,22.1%,1.3%,7%,84%,7.7%,95%,84%,"$1,613",66.2%,36.3%,33.3%,37.2%,41.5%
210,2,98.1%,10.7%,91.4%,19.2%,"$393,690","$90,882",5.6%,0,3,0,9%,76.6%,100%,6.1%,92.7%,7.3%,7.3%,"$1,622",1%,31.3%,37.5%,56.7%,43%
211,1,93.3%,20%,87.7%,76.8%,"$433,932","$87,456",0%,0,2,17,20.5%,0%,0%,77.2%,0%,9.2%,77.2%,"$1,927",100%,35.4%,42.1%,22.2%,53%
212,2,100%,32.3%,71.3%,45.7%,"$544,283","$55,795",0%,0,1,14,37%,67.7%,59.7%,100%,63.4%,99.2%,100%,"$1,439",35%,23.5%,26.3%,21.2%,37.2%
213,2,96.6%,1.1%,81.7%,72.5%,"$305,500","$116,250",0%,0,5,2,25.1%,50.2%,26.2%,63.1%,71.2%,29.2%,47.4%,"$1,867",56.7%,80%,100%,73.1%,47.4%
215,1,100%,0.8%,88.4%,100%,"$281,230","$250,001",0%,0,5,3,30.4%,0%,0%,0%,0%,59.1%,--,--,100%,82.8%,62.5%,84.6%,74.7%
216,2,89.3%,4.5%,100%,67.5%,"$764,293","$109,659",0%,0,6,4,22.1%,61.8%,0%,96.1%,64.9%,8.6%,89.5%,"$1,788",49.5%,92.3%,--,76.5%,65.5%
217,2,100%,0.4%,79.4%,96.5%,"$279,676","$228,444",0%,0,2,4,22.8%,0%,0%,0%,0%,14.1%,2%,--,100%,85.3%,100%,94.1%,79.8%
218,2,96.9%,15.7%,96.6%,47.4%,"$1,178,573","$80,597",15.7%,0,7,3,23.2%,21%,29.1%,80.3%,40.7%,99.8%,89.1%,"$1,588",55%,61.5%,35.3%,35.9%,58.7%
219,2,94.7%,14.2%,76.2%,18.4%,"$317,204","$36,568",0%,0,5,11,0.8%,50.4%,31.1%,10.8%,36.5%,72.7%,56.3%,"$1,044",29.2%,27.5%,44.4%,16.3%,36%
220,--,89.2%,20.2%,78%,50.3%,"$553,725","$34,714",0%,--,0,11,30.8%,23.6%,37.8%,82.5%,30.9%,30.3%,82.5%,"$1,641",100%,16.9%,27.3%,28%,53.1%
221,1,97.2%,28.6%,74.2%,26.5%,"$247,167","$40,833",0%,1,6,3,3%,51.5%,24.1%,80.4%,37.7%,100%,98.7%,"$1,639",28.8%,38%,31.3%,32.3%,45%
222,2,98.8%,1.1%,88.8%,100%,"$421,521","$162,778",0%,0,3,1,22.5%,0%,0%,5.6%,0%,64.9%,--,--,92.6%,77.8%,63.6%,80%,72.9%
223,2,88.9%,20.5%,64.1%,68.9%,"$444,477","$78,698",0%,0,3,29,13.3%,41.5%,55%,100%,24.7%,97.9%,100%,"$1,218",92.7%,51.8%,16.7%,25.9%,47%
224,2,90.3%,10.6%,88.2%,38.1%,"$1,045,038","$53,690",0%,0,2,2,11.2%,18.3%,9%,99.1%,0%,100%,99%,"$1,420",43.9%,43.7%,40%,50%,65.3%
225,1,93.7%,16.3%,77.3%,64%,"$324,466","$82,969",0%,0,1,0,30.2%,0%,0%,0.9%,0%,83.9%,76.3%,"$1,669",44.3%,34.5%,28.6%,42.1%,66%
226,2,100%,9.3%,75.9%,52.5%,"$423,700","$125,625",0%,1,4,4,9.4%,16.4%,28.4%,29.3%,31.2%,54.3%,26.7%,"$1,470",34.3%,53.3%,--,50%,40%
227,1,99.9%,21.7%,78.9%,72.1%,"$1,801,065","$61,703",0%,0,4,42,32.2%,0%,0%,99.9%,0%,0%,99.9%,--,99.9%,44%,47.2%,37.5%,57.6%
228,2,100%,21.8%,68.5%,89.3%,"$286,194","$77,222",0%,0,1,1,9.3%,0%,0%,80.2%,0%,8.7%,80.2%,--,100%,53.6%,18.2%,42.9%,33.3%
229,2,89.1%,31.4%,86.8%,86.3%,"$343,732","$84,177",0%,0,4,23,34.9%,2.7%,2.4%,33%,1.3%,22.4%,47.3%,"$1,579",79%,32.1%,29.2%,37%,49.4%
230,2,95.7%,16.6%,83.1%,4.7%,"$323,804","$74,455",0%,0,1,7,24.9%,0%,0%,98.3%,47.4%,100%,98.3%,"$1,608",19%,27.8%,22.2%,25%,60.5%
231,2,100%,20.2%,79%,45.6%,"$300,375","$73,533",0%,0,4,1,9.6%,45.2%,59.6%,29.4%,43.2%,61.2%,38.8%,"$1,651",29.9%,41.6%,21.9%,28.6%,35.7%
232,2,98.6%,23%,78%,47.4%,"$654,208","$84,025",0%,0,5,7,14.3%,65.6%,61.4%,48.8%,48.4%,0%,48.8%,"$1,791",61.9%,44.6%,33.3%,29.8%,32.2%
233,2,95.7%,9.1%,86.2%,38%,"$1,314,130","$94,531",0%,1,4,1,18.9%,0%,0%,82.9%,0%,98.1%,48.5%,"$1,428",35.7%,51.6%,50%,63.5%,46.5%
234,2,94.1%,32.5%,84.6%,64.7%,"$1,205,319","$55,911",0%,0,8,9,31.4%,0%,0%,47.1%,0%,54%,96%,"$1,638",42.2%,31%,38.4%,28.4%,44%
235,1,96%,3.5%,88.1%,64.3%,"$358,625","$120,313",0%,0,0,11,23.7%,0.9%,21.6%,46.6%,2%,65.7%,46.6%,"$1,924",81%,80.5%,87%,76.9%,45.6%
236,1,96.9%,0.1%,63.2%,48.2%,"$299,955","$80,724",0%,0,1,0,22%,4.9%,30%,0%,0%,72.2%,70.7%,--,100%,62.5%,--,71.4%,50%
237,2,98.6%,29.6%,79.1%,69.9%,"$345,478","$63,343",6.4%,1,2,20,30.5%,14.6%,0%,91.8%,16.8%,45.5%,88.1%,"$1,384",93.7%,29.2%,25%,39.5%,49.8%
238,2,98.5%,30.4%,79.3%,68.2%,"$516,902","$58,811",0%,0,6,26,27.5%,29.3%,54.5%,86.4%,46.1%,48.8%,83.2%,"$1,705",87.4%,29.9%,35.9%,35%,43.9%
240,2,93.4%,25.7%,81.8%,44.2%,"$338,150","$77,750",0%,0,2,34,19.8%,85.3%,100%,84.7%,88.8%,77.3%,99.4%,"$1,112",49.9%,56%,33.3%,39.3%,31.5%
241,2,100%,0.1%,93.9%,93.9%,"$467,122","$240,101",0%,0,5,1,18.2%,0%,0%,0%,0%,63.3%,--,"$1,484",85.3%,90.6%,100%,87.5%,69.1%
242,2,89.7%,22%,81.7%,61.3%,"$698,039","$76,029",0%,0,5,25,33.3%,0%,0%,0%,0%,66.1%,65.7%,"$1,856",100%,51.4%,40%,37.5%,45.9%
243,2,100%,43.1%,90.3%,98.2%,--,"$76,837",0%,0,0,3,35.9%,0%,0%,29%,0%,0%,29%,--,100%,51.4%,23.8%,41.6%,42.7%
244,1,97.8%,18.6%,83.2%,73.6%,"$233,600","$68,534",0%,1,2,12,27.4%,0%,0%,47.9%,0%,68.1%,47.9%,"$1,440",100%,42.9%,51.7%,31.9%,59.4%
245,2,87.5%,36.7%,91%,37%,"$521,795","$57,785",7.5%,1,4,10,24%,0%,0%,98.7%,0%,78.9%,98.7%,--,25.8%,35%,12.5%,20%,44.4%
246,2,96.7%,27.4%,72.9%,26.7%,"$299,833","$38,716",0%,1,8,4,19.1%,0%,58.4%,69.1%,35.1%,99.8%,90.2%,"$1,149",12.2%,30.4%,37%,27.7%,41.1%
247,1,100%,34.2%,50.3%,11.6%,"$403,833",--,0%,3,0,33,12.6%,100%,100%,100%,91.7%,0%,100%,"$1,059",3.9%,21.4%,14.3%,15.6%,38.6%
248,1,100%,30.6%,78.7%,0%,"$524,483","$48,419",0%,3,0,6,23.4%,0%,76.3%,55.5%,48.3%,100%,100%,"$1,415",1.3%,20%,18.2%,17.2%,59.5%
249,2,89.8%,39.2%,18.4%,8.9%,"$457,784","$33,947",0%,0,0,12,47%,98.3%,100%,100%,0%,100%,100%,"$1,142",10.2%,15.1%,27.8%,19.7%,22.6%
250,2,93.8%,5.3%,100%,76%,"$215,200","$70,718",0%,0,0,4,6.9%,4.6%,10%,90.3%,11.9%,0%,65.7%,--,54.1%,26.3%,--,20%,45.1%
251,2,96.6%,15.9%,89.2%,80.6%,"$392,341","$94,720",0%,0,3,6,28.8%,0%,0%,97.2%,0%,43.7%,97.2%,"$1,833",100%,48.6%,28.6%,37%,42.3%
252,2,80.8%,12.8%,94.5%,77.4%,"$329,986","$101,397",0%,0,3,3,10.3%,19.1%,9%,24.3%,0%,83.3%,24.3%,--,100%,42.1%,62.5%,58.8%,63.4%
253,2,97.9%,3.4%,89.4%,64.3%,"$312,764","$123,056",0%,0,1,1,24.7%,33.6%,18.9%,2.3%,50.8%,100%,2.3%,"$1,953",41.4%,84.4%,71.9%,87.3%,43.8%
254,2,100%,24.2%,83%,12.9%,"$316,484","$61,279",0%,0,2,2,2.2%,1.7%,85.8%,44.4%,41.3%,65.4%,44.8%,"$1,612",2%,25%,--,20%,43.9%
255,1,94.1%,4.7%,87.2%,48.6%,"$1,479,926","$125,588",0%,0,10,1,22.5%,32.6%,10.4%,30.3%,48.5%,37.6%,37.9%,"$2,000",39.9%,84%,81.1%,79.2%,55.7%
256,1,98.8%,5%,94.3%,94%,"$477,179","$182,960",0%,0,1,1,28.4%,0%,0%,10.7%,0%,24.1%,22.2%,"$2,856",93.3%,78.6%,57.4%,52.9%,71.4%
257,2,94.9%,6.9%,90.4%,39.6%,"$271,462","$120,728",0%,0,2,2,36%,53.4%,69.1%,96.5%,48.9%,84.3%,99%,"$2,088",42.6%,68.5%,76.5%,74.7%,57.8%
258,2,86.8%,27%,86.9%,72.2%,"$505,523","$68,875",16.3%,0,6,16,21%,23.7%,5%,78.4%,0%,73.5%,78.3%,"$1,544",83.7%,44.2%,33.3%,31.7%,52.8%
259,1,99.3%,28.4%,70%,24.2%,"$969,519","$60,755",0%,0,4,5,22.7%,0.6%,45%,99.3%,44.6%,70.2%,97.9%,"$1,526",55.4%,29.5%,26.5%,30.6%,50.4%
260,2,97.1%,20%,80.5%,56.1%,"$308,974","$51,250",5.4%,0,17,19,13.8%,7.6%,7.6%,68.9%,6.7%,53.2%,55.7%,"$1,176",87.3%,17.4%,51.2%,22.9%,33.6%
261,2,98.3%,7.6%,88.5%,85.7%,"$362,567","$103,000",0%,0,4,9,18.6%,1.2%,0%,16.7%,0.2%,100%,1.5%,"$2,075",100%,45.1%,26.7%,49%,72.8%
262,2,97.1%,1.9%,91.1%,97.1%,"$223,771","$149,528",0%,0,7,4,21.4%,14.8%,18.8%,1.2%,10.6%,11.1%,1.2%,--,83.5%,72%,80%,76.2%,60.6%
263,2,98%,1.7%,86.9%,91.1%,--,"$130,588",0%,0,6,3,20.7%,21.6%,20%,38.7%,7.4%,56.5%,41%,--,79.8%,84.4%,66.7%,85.7%,56.7%
264,2,93.3%,19.3%,79.2%,46.7%,"$254,182","$79,384",0%,1,7,3,16.6%,43.6%,84.6%,40.5%,0%,100%,40.5%,"$1,405",38.3%,24.4%,53.3%,29.3%,53.8%
265,2,97.7%,12.2%,91.3%,71.7%,"$203,000","$71,875",0%,0,6,8,20.6%,0%,0%,68%,0%,79.6%,68%,"$1,914",99.8%,55.6%,35.3%,62.5%,51.6%
266,1,97.2%,16.3%,76%,72.7%,"$318,135","$101,343",0%,0,4,6,22%,26.9%,23.8%,33.7%,0%,69.5%,33.7%,"$2,187",99.9%,38%,45.5%,41.3%,63.5%
267,1,95%,11.4%,86.9%,81%,"$197,318","$100,694",0%,0,7,2,25%,0%,0%,47.5%,0%,51.3%,42.9%,"$1,693",100%,48%,48.5%,43.1%,63.5%
268,2,97.6%,24.4%,90.7%,65.5%,"$385,500","$54,145",11.1%,0,2,10,26.3%,43.1%,40.1%,100%,0%,82.1%,100%,"$1,604",88.9%,50%,36.4%,35.1%,47.3%
269,2,93.1%,6.4%,93.8%,66.7%,"$387,432","$112,130",0%,0,3,3,17.9%,86.4%,53%,29%,51.3%,7.2%,1%,"$1,604",54.7%,60.4%,85%,76.8%,61.8%
270,2,94.3%,30.4%,86.3%,0%,"$484,471","$41,402",0%,2,1,1,8.3%,0%,100%,0%,100%,100%,100%,"$1,341",0%,15.3%,23.1%,20.5%,38.7%
271,2,90.5%,28.8%,59.6%,79.6%,"$400,735","$63,426",0%,1,5,42,17.7%,21.1%,25.3%,100%,0%,100%,100%,"$1,638",100%,37%,44.4%,28.6%,41.3%
272,1,90.3%,28.2%,91.1%,0%,"$538,559","$57,019",0%,0,0,7,21%,6.9%,45%,6.9%,45.1%,100%,6.9%,"$1,570",0%,45.2%,41.2%,22.7%,54.3%
273,1,96.6%,21.7%,89.1%,70.1%,"$311,079","$91,538",0%,0,2,5,20.8%,2.7%,0%,0%,0%,43.5%,--,"$1,787",88.9%,41.4%,55.6%,37.7%,27.8%
274,2,94.9%,25.6%,96.4%,0%,"$409,216","$80,962",0%,0,0,2,22.8%,48%,100%,100%,100%,100%,100%,"$1,583",0%,35.7%,28.6%,22.2%,33.6%
275,1,97.8%,16.3%,80.4%,58.6%,"$475,682","$80,192",6.1%,0,11,4,22%,42%,45.6%,54.8%,0%,98.1%,60.8%,"$1,804",50.1%,28.3%,33.3%,37.5%,53.4%
276,1,100%,14.5%,88.8%,90.5%,"$507,566","$122,750",0%,0,2,11,27.4%,0%,0%,6.9%,0%,75.9%,31.9%,--,100%,40.7%,41.2%,39.6%,42%
277,2,98.7%,13.4%,100%,91.9%,"$772,545","$143,417",0%,0,5,1,21.3%,0%,0%,81.4%,0%,37.8%,96.3%,"$2,627",97%,48.9%,45%,36%,35.9%
278,1,98.6%,37.2%,93%,9.4%,"$215,231","$47,356",8.4%,0,2,7,14.9%,51.9%,96.1%,100%,0%,100%,100%,"$1,320",17.8%,26%,33.3%,21.6%,38.1%
279,3,100%,20.6%,93%,46.7%,"$279,819","$58,224",0%,0,1,1,16%,67.5%,85.5%,68.3%,0%,69.4%,68.3%,"$1,348",0%,21.1%,40%,35.7%,34.4%
280,1,100%,35.4%,72.9%,30.6%,"$595,824","$60,417",0%,2,4,23,51.6%,0.1%,0%,0%,0.1%,0%,--,"$1,231",62%,31.4%,21.7%,17.8%,30.6%
281,1,96.5%,20.7%,92.8%,57.3%,"$281,525","$65,728",0%,0,1,9,29%,100%,100%,100%,0%,22.2%,100%,"$1,819",0.2%,39.4%,31.8%,25.9%,20.3%
282,2,99.6%,29.2%,75.2%,62.2%,"$282,110","$62,273",0%,1,2,20,18.6%,0%,0%,53.1%,0%,63.5%,8.6%,"$2,023",99.8%,22.2%,30%,25%,57.5%
283,2,99.6%,26.9%,85.5%,58.1%,"$339,057","$60,769",9.1%,0,8,8,23.3%,0%,23.1%,75.2%,14.6%,68.5%,2.8%,"$1,432",80.6%,37.7%,35.5%,31.3%,53.7%
284,2,95.3%,3.7%,87.8%,47.6%,"$413,273","$126,730",0%,0,1,0,19.4%,67.7%,59.9%,64%,67.9%,0.5%,64.5%,"$1,872",41.2%,85.9%,88.5%,88.7%,66.7%
285,2,--,--,--,--,"$741,491",--,0%,0,--,68,--,0%,0%,0%,0%,0%,--,--,1%,--,--,--,24%
286,2,98.9%,23.7%,50%,72.6%,"$594,247","$95,227",0%,0,0,133,20.5%,0%,0%,0%,0%,0%,--,"$1,081",98.6%,41.4%,0%,39.1%,43.3%
287,--,100%,18.1%,94.5%,1%,"$338,672","$66,927",0%,--,2,2,29.2%,93.3%,99.9%,75.5%,85.5%,95%,75.3%,"$1,510",2.9%,38.4%,50%,27.8%,42.1%
288,--,97.9%,9.9%,91.2%,70.7%,"$357,864","$123,125",0%,--,3,1,16.3%,39.5%,14.5%,99.4%,63.4%,86.3%,99.4%,"$1,499",51.4%,48.8%,63.6%,52.1%,73.1%
289,2,93.7%,17.1%,86.8%,78.2%,"$383,779","$122,441",0%,0,5,5,35.4%,17.4%,18.5%,43.9%,25.8%,81.2%,59.2%,"$2,230",81.6%,55.2%,54.9%,42.6%,51.7%
290,2,99.8%,44.5%,83.8%,38%,"$385,626","$93,359",0%,0,3,5,13%,15.5%,3.4%,65.4%,42.1%,0.2%,88.2%,"$1,825",6.7%,34.8%,50%,26.3%,12.6%
291,1,100%,37.4%,69%,7.4%,"$309,455","$46,365",0%,1,1,14,23.3%,0%,0%,98.7%,0%,96.3%,98.7%,"$1,234",16.1%,28.9%,19.2%,19.5%,29.6%
292,2,100%,59.3%,43%,32%,--,"$35,541",14.2%,3,1,24,20.5%,0%,34%,100%,0%,100%,100%,$974,49%,23.9%,23.1%,14%,28.9%
293,2,94.9%,41.7%,72.6%,39.4%,"$270,654",--,0%,1,4,47,9.2%,57.8%,1.3%,100%,47.2%,100%,100%,"$1,221",96.1%,8%,8.3%,13.6%,39.8%
294,2,89.4%,69.3%,44%,15.5%,--,"$40,667",0%,2,6,17,20.1%,0%,25.2%,100%,22.9%,99.8%,100%,$974,29.8%,14.6%,0%,12.9%,44%
295,2,94.9%,55.6%,63%,54%,"$340,097","$43,813",51.2%,0,3,11,27.9%,0%,0%,100%,0%,100%,--,--,49.2%,22.9%,36.4%,20.8%,22.3%
296,2,95%,11.9%,85.6%,87.6%,"$565,875","$98,571",0%,0,5,2,28.7%,0%,17.3%,39.3%,0%,19.7%,--,"$1,668",74.1%,55.4%,59%,49.1%,37.4%
297,2,100%,--,90.4%,100%,--,"$250,001",0%,0,1,0,35.2%,46%,86.7%,68%,0%,12%,68%,--,100%,60%,--,--,74.1%
298,--,92.5%,25.4%,84%,12.3%,"$460,628","$53,056",0%,--,1,0,23.6%,100%,100%,95.7%,100%,76.7%,95.7%,"$1,365",0%,35.9%,22.2%,28.6%,24.4%
299,1,98.8%,22.9%,79.4%,59.9%,"$374,961","$68,063",0%,0,5,7,26.7%,0%,0%,73.3%,4.5%,23.3%,71.6%,"$1,747",60%,30.2%,44.4%,36.6%,35.3%
300,--,100%,3.2%,72%,8.9%,"$325,111","$26,000",0%,--,0,0,0.7%,100%,100%,100%,80.7%,78.9%,99.8%,"$1,235",5.7%,33.3%,--,--,31.8%
301,1,94.7%,16%,77.4%,83.9%,"$287,267","$101,964",0%,0,3,8,21.3%,0%,0%,74.2%,1.9%,5.1%,74.2%,"$1,738",99.9%,23.1%,36%,26.7%,37.3%
302,1,100%,9.3%,87.3%,56.1%,"$281,071","$107,167",0%,0,1,0,25%,51.6%,23.4%,22.2%,22.5%,43.6%,42.2%,"$1,324",58.5%,58.5%,62.5%,55.4%,65.6%
303,2,76.1%,18.6%,87.5%,8%,"$494,444","$47,644",5.7%,1,1,3,21.2%,85.5%,85.9%,98.6%,97.9%,12%,98.6%,"$1,221",15%,32.6%,26.7%,37%,49.4%
304,2,92.9%,35.4%,54.9%,2%,--,"$39,706",0%,3,1,3,32.3%,0%,0%,100%,0%,0%,100%,"$1,021",2.1%,17%,23.1%,14.8%,13%
305,2,95.9%,34.6%,68.1%,95%,"$273,457","$57,997",0%,1,4,9,21.7%,0%,40.3%,100%,32.2%,78.3%,67.8%,--,67.8%,35.6%,27.8%,19.2%,47.4%
306,1,85.6%,89.5%,36.5%,4.8%,"$321,000","$9,643",71.7%,3,0,27,44.5%,0%,0%,99.8%,0%,99.2%,94.5%,$310,11.2%,18.9%,11.1%,15.5%,38.3%
307,2,94.8%,20%,67.9%,51.7%,"$308,286","$54,656",0%,0,6,16,26%,18.7%,40.9%,93.7%,0%,3.8%,93.7%,"$1,644",51.3%,36.4%,34.1%,24.6%,58.7%
308,1,100%,3.1%,73.9%,80.5%,"$495,638","$116,094",0%,0,1,9,34.1%,64.5%,68.2%,64.7%,33.9%,95.7%,63.5%,"$3,016",100%,90.3%,76.7%,95.2%,55.8%
309,2,86.4%,3.7%,88.4%,93.7%,"$508,933","$121,364",0%,0,1,1,27.7%,0%,0%,18.8%,0%,35.5%,33.3%,"$2,174",86.4%,79.4%,75%,80%,73.6%
310,2,96.9%,7.2%,88.9%,87.4%,"$443,261","$96,250",0%,0,1,3,25.2%,66.1%,58.4%,69.4%,74.3%,15.3%,69.4%,"$1,951",82.7%,78.1%,81.8%,71.6%,56.2%
311,2,98.4%,36.6%,67.1%,40%,"$385,632","$43,750",0%,3,7,42,1.6%,0%,8.3%,87.1%,46.7%,100%,67.9%,"$1,179",95.5%,37%,27.3%,15.6%,29.6%
312,2,96%,39.6%,87.6%,30.2%,"$297,000","$67,601",7.1%,1,1,20,31.8%,66.3%,81%,100%,64.5%,91.2%,100%,"$1,316",43.2%,12.6%,13.6%,15.7%,36.4%
313,1,85.3%,26.4%,93.5%,62.5%,"$323,225","$65,648",6.1%,1,2,8,28.8%,0%,0%,5.7%,0%,2.8%,0.6%,"$1,245",56.6%,20.9%,31.3%,29.6%,44.2%
314,2,95%,34.1%,82.8%,29.6%,"$441,888","$49,904",0%,1,1,13,39.3%,5.1%,13.4%,98.9%,0%,100%,99%,"$1,209",44.9%,22%,15.4%,16.8%,37.2%
315,2,98.4%,2.4%,75%,16.1%,"$646,853","$100,560",0%,1,4,11,2.8%,90.1%,100%,100%,76.2%,96.1%,100%,"$1,914",19.1%,75%,--,50%,26.1%
316,2,96.1%,31.9%,74.7%,35.6%,"$336,968","$45,634",0%,2,2,13,31.7%,77.8%,78.4%,100%,69.1%,99.9%,100%,"$1,092",35.7%,26.5%,25%,21.6%,30.9%
317,2,77.2%,53.6%,62.1%,0%,"$440,867",--,0%,2,1,27,47%,0%,0%,44.7%,0%,100%,44.7%,"$1,098",68.4%,13.8%,11.1%,12.5%,40.7%
318,2,94.4%,12.8%,90.7%,61.5%,"$408,826","$85,962",13.4%,0,2,10,14.7%,47.9%,35.4%,48.5%,43%,31%,48.5%,"$1,572",67.5%,47.6%,80%,47.4%,75.2%
319,2,96.7%,18.9%,73.6%,71.6%,"$305,406","$74,167",5.9%,0,2,11,23.9%,11.9%,13.2%,99.9%,11.2%,67%,94.8%,"$1,726",57.7%,46.1%,40.7%,36.6%,52.2%
320,2,100%,1.1%,100%,92.6%,"$943,911","$250,001",0%,0,2,28,41%,78.2%,60.3%,58.1%,58.1%,100%,80.2%,--,94.9%,84.4%,88.2%,83.7%,32.3%
321,2,89.3%,58.3%,52.7%,24.1%,"$256,733","$39,643",0%,3,8,73,13.4%,0%,0%,100%,0%,100%,99.8%,"$1,262",64.6%,36.7%,12.5%,37%,34.9%
322,2,93.1%,23.9%,82.6%,72.4%,"$294,574","$94,063",0%,0,2,17,17.4%,0%,0%,83.6%,0%,6.6%,83.6%,"$1,570",100%,23.5%,38.9%,26.5%,41.7%
323,2,97.6%,35.3%,75.9%,75.5%,"$285,867","$60,785",9.5%,0,1,21,21.6%,23.7%,42.4%,100%,38.6%,8.6%,64%,"$1,119",82.4%,23%,26.7%,29.6%,39.2%
324,1,99.3%,15.1%,92%,94.4%,"$406,566","$178,583",0%,0,3,5,20.3%,0%,18.6%,0.4%,0%,80.9%,20.5%,"$2,000",100%,46.2%,35.7%,30.8%,68.1%
325,2,91.6%,21.6%,82%,58.8%,"$256,994","$66,685",3.1%,1,14,24,22.6%,56.8%,70.5%,90.4%,36.9%,44.8%,87.8%,"$1,163",64.1%,40.2%,37%,32.9%,58.3%
326,2,97.5%,38.1%,54.3%,55.1%,"$351,706",--,0%,2,2,26,19.6%,0%,0%,75.1%,0%,100%,75.1%,"$1,285",60.2%,19.2%,0%,4%,40.9%
327,2,86.9%,62.5%,74.1%,46.3%,"$286,682","$52,476",10.9%,1,3,22,18.2%,58%,56.1%,100%,71.4%,28.6%,100%,"$1,108",36.2%,24.1%,14.3%,26.1%,33.8%
328,2,100%,29.2%,87.6%,70.6%,"$311,315",--,0%,0,2,23,19.6%,60.6%,57.8%,27.2%,0%,69.2%,--,--,76.1%,33.3%,30.8%,29.1%,32.7%
329,2,100%,27.1%,83.4%,71.2%,"$285,802","$79,205",0%,0,2,9,27.9%,5.6%,27.5%,76.4%,0.1%,50.1%,74.1%,"$1,731",80.9%,32.2%,37.9%,36.1%,40.2%
330,1,98.3%,32.9%,88.9%,71.2%,"$313,216","$93,317",0%,0,2,15,34.2%,0%,0%,0%,0%,18.7%,18.7%,"$2,061",99.9%,51.8%,29%,39.5%,46%
331,2,96%,29.6%,88.9%,13.2%,"$292,600","$69,453",0%,0,5,10,5.3%,36.1%,33%,77.8%,58.9%,34.7%,77.8%,"$1,687",8.9%,36.2%,41.7%,40%,33%
332,1,99%,23.8%,81.4%,81.2%,"$344,652","$76,676",0%,0,3,12,28.5%,0%,0%,0%,0%,0%,--,"$1,733",90.3%,42%,42.9%,44.6%,45.3%
333,2,94.2%,28.6%,71.3%,76.7%,"$290,789","$73,153",0%,0,2,16,22.9%,0%,0.9%,85.7%,13.1%,62.3%,85.7%,"$2,002",100%,42.3%,29.5%,32.7%,47.8%
334,2,100%,8%,100%,0%,--,"$87,927",0%,0,0,0,26.5%,0%,0%,100%,0%,100%,--,"$1,437",0%,47.8%,--,70%,30.7%
335,--,96.2%,3.8%,79.6%,82.2%,"$452,285","$103,586",0%,--,1,2,26.9%,33.7%,51.3%,6.3%,43.3%,8.1%,4.6%,"$2,221",87.7%,70.2%,76.4%,69.8%,52.4%
336,2,94.2%,20.4%,90.7%,50.5%,"$356,019","$74,271",0%,1,2,2,27.3%,32.7%,44.5%,34.3%,0%,17.6%,50.2%,"$1,718",37.1%,27.4%,42.9%,38.8%,46.2%
337,1,98.3%,11.2%,94.8%,84.7%,"$415,994","$91,597",0%,0,6,6,20.9%,0%,0%,46.9%,0%,44.4%,--,"$1,903",79.3%,35.3%,76.9%,35.6%,58.9%
338,2,98.2%,6.5%,86%,0%,"$646,307","$97,812",0%,0,3,0,0.9%,97.7%,96.7%,100%,97.7%,49.5%,38%,"$1,932",0%,0%,--,21.4%,2%
339,2,100%,3.2%,92.4%,5.2%,"$665,386","$73,370",0.6%,0,3,1,1.1%,0%,99.4%,98.7%,99.8%,100%,73.7%,"$1,759",1.1%,--,--,40%,4.4%
343,2,91.3%,6.6%,87.6%,50.8%,"$605,434","$102,639",4.1%,0,6,15,14.9%,46.5%,44.1%,100%,0%,100%,100%,"$1,640",40.7%,80.6%,57.1%,80%,28.1%
344,2,85.9%,12.6%,90%,65.6%,"$395,595","$101,579",0%,1,2,32,20.5%,54%,19.4%,100%,0%,100%,93.5%,"$1,805",40.3%,50%,66.7%,25.7%,29%
345,1,96.2%,39.3%,90.8%,36.3%,"$345,757","$81,218",17.6%,0,3,11,12.2%,0%,30.9%,38.6%,0%,58.7%,46.4%,"$1,660",65.8%,31.8%,25%,31.8%,48.1%
346,2,98.1%,39.1%,70.6%,42.2%,"$261,903","$41,922",0%,4,4,19,32%,0%,0%,62.3%,0%,79.5%,60.4%,"$1,052",66%,46.9%,40.6%,26.2%,36.4%
347,2,52.8%,17.5%,88.4%,52.6%,"$535,911","$78,529",10.5%,0,4,12,19%,0%,0%,100%,100%,100%,100%,"$2,169",33.5%,25%,--,20%,11.9%
348,2,95.7%,18.9%,83.3%,85.6%,"$320,266","$83,558",0%,0,7,18,14.1%,0%,26.9%,0%,0%,69.4%,26.9%,"$1,673",97%,50.6%,30.3%,32.2%,49%
349,2,99.5%,5.3%,90%,26.7%,"$1,243,964","$150,115",0%,0,2,2,30.4%,76.3%,0%,49.7%,74.2%,4.7%,54.4%,"$2,128",35.1%,74.1%,60%,63.2%,67.7%
350,1,98.6%,2.8%,89.9%,62%,"$583,469","$126,989",0%,0,2,2,32.7%,0%,4.9%,0%,0%,7.3%,0.3%,"$1,802",38.9%,78.9%,81.8%,74.2%,63.1%
351,2,89.1%,10.3%,91.2%,70.3%,"$641,240",--,9.6%,1,3,6,30.3%,45.5%,38.2%,0%,0%,82.8%,72.3%,"$1,171",77%,75%,78.9%,60%,63.5%
352,1,96.9%,7.8%,91.1%,36.9%,"$495,667","$72,292",0%,0,0,0,19%,16.5%,0%,100%,1.2%,78.5%,--,"$1,719",15.5%,61.4%,58.3%,55.8%,55.6%
353,2,100%,1.4%,97.3%,97.5%,"$617,934","$133,147",0%,0,5,6,33.8%,14.2%,13.2%,13.2%,0%,57.9%,36%,--,83%,81.9%,88.9%,74%,66.8%
354,1,100%,10.2%,77.6%,11%,"$272,875","$62,611",0%,0,2,1,20.8%,50%,3.4%,100%,92.4%,66%,76.9%,"$1,461",10.2%,46.2%,--,46.2%,56.7%
355,2,98.8%,6.4%,87.3%,20.2%,"$435,286","$126,684",0%,0,1,1,25.8%,0%,0%,100%,0%,7.7%,100%,"$1,688",18.5%,59.6%,71.9%,70.4%,50%
356,1,95.2%,3.1%,97.3%,78.1%,"$719,374","$156,853",0%,0,6,1,25%,56.1%,60.9%,39.1%,61.3%,22.2%,37.9%,"$1,850",50.3%,78.9%,84.7%,78.1%,50.6%
357,2,83.5%,7.1%,86.2%,56.8%,"$589,884","$79,565",14.6%,0,5,5,11.5%,41.1%,39.9%,100%,42.2%,98.1%,83.4%,"$1,661",50.9%,66.7%,78.9%,66.7%,31%
358,2,99%,1.7%,82.1%,36.5%,"$669,062","$148,799",0%,0,8,3,17.9%,37.1%,54.7%,15%,94.3%,42.3%,17.3%,"$1,905",22.9%,93.7%,93.5%,78.9%,40.3%
359,1,91%,1%,86.5%,97.4%,"$728,152","$171,429",0%,0,3,3,29.6%,0%,0%,33.4%,0%,24.1%,44.4%,"$2,250",66.3%,84.6%,66.7%,75%,65.5%
360,1,95.6%,25.4%,86.5%,87.5%,"$339,233","$84,947",0%,0,7,22,25.5%,23.8%,0%,42.9%,0%,6.5%,42.9%,"$1,760",80.8%,47.6%,27.8%,30.3%,56%
361,2,94.2%,21.7%,85.2%,23.5%,"$479,053","$69,835",0%,1,10,6,6.9%,9.9%,1.6%,86.9%,41.4%,99.6%,86.9%,"$1,588",23.4%,7.7%,30%,17.6%,23.4%
362,2,100%,47.6%,53.7%,39.8%,"$311,843","$35,215",0%,1,7,9,19.8%,0%,0%,98.4%,0.8%,81.4%,98.4%,"$1,034",49.9%,27.7%,23.1%,24.5%,42.1%
363,2,90.5%,47.8%,54.3%,23.7%,"$327,721","$30,221",33.6%,2,6,28,28.8%,0%,0%,89.6%,0%,99.7%,62.9%,"$1,038",70.9%,19.5%,18.5%,12.1%,24.9%
364,2,97.2%,0.2%,89.3%,95%,"$1,608,122","$201,655",0%,0,2,2,20.3%,54.7%,81.1%,64.1%,79.9%,100%,9%,"$1,880",69%,94.1%,100%,87.5%,37.1%
365,2,100%,22%,90.5%,58.9%,"$349,985","$105,476",0%,1,5,20,22.2%,86.7%,94.7%,28.1%,77.5%,77.9%,28.1%,"$1,438",70.8%,43.3%,72.7%,44%,28.2%
366,2,94.7%,21%,87.1%,35.9%,"$289,827","$56,970",0%,0,2,42,3.1%,1%,74.1%,1.5%,0%,69.7%,68.9%,"$1,098",54.4%,26.9%,--,20%,21.8%
367,2,98%,3%,90.4%,34%,"$626,530","$92,370",0%,0,5,4,10.8%,17.9%,90.1%,64.5%,70.6%,100%,57.6%,"$1,693",25.4%,73.2%,85%,79.6%,20.7%
368,--,99.1%,15.6%,87.5%,63.4%,"$293,106","$87,113",0%,--,1,12,21.5%,78.6%,54.6%,94.8%,63.6%,69.2%,94.8%,"$1,617",69.5%,42.7%,33.3%,51.3%,46.4%
369,2,94.2%,40.2%,57.7%,36.3%,"$353,833","$34,297",14%,0,1,51,24.7%,0%,0%,100%,22.6%,98.3%,100%,$969,35.7%,11.1%,28.6%,7.1%,17.1%
370,2,79.3%,187.4%,64.4%,13.8%,"$376,382","$22,321",43.6%,3,6,48,41.7%,56.7%,80.6%,73.7%,0%,100%,54%,"$1,021",36.6%,19.5%,43.9%,11.9%,35.7%
371,2,95.4%,50.8%,55.8%,44.5%,"$248,600","$44,192",9%,1,12,37,26.2%,11.5%,5.4%,98.7%,4.6%,93.1%,98.7%,"$1,129",61.6%,30.3%,22.6%,15.7%,20.8%
372,2,96.8%,8.5%,89.8%,78.8%,"$399,546","$99,245",0%,0,15,2,19.7%,27.4%,18.1%,44.7%,23.7%,40.3%,50.3%,"$2,064",75%,64.9%,52%,54.5%,39.9%
373,2,100%,2.6%,93.6%,95.2%,"$854,023","$178,809",0%,0,10,4,33.4%,22.2%,0%,87.3%,29%,42%,72.5%,"$1,533",86%,71.4%,78.6%,78.9%,64.6%
374,2,96.7%,46.2%,45.9%,38.1%,"$276,078","$28,943",6.8%,4,5,39,10.9%,51.8%,69.3%,95.8%,76.8%,100%,94.4%,"$1,037",85.3%,20%,24.1%,16%,41%
375,2,96.5%,0.1%,89.8%,92.9%,"$1,212,034","$211,031",0%,0,4,4,26.2%,2.2%,45.2%,33.5%,0%,12%,33.5%,"$1,655",96.1%,81.8%,100%,90.6%,61.4%
376,1,96%,19.8%,76.7%,64.5%,"$332,707","$91,029",4.1%,0,6,8,12.3%,11.2%,24.4%,0%,2.1%,25.7%,21.3%,"$1,873",95.8%,31.8%,34.1%,41.9%,51.2%
377,2,90.9%,17.9%,93.3%,76.7%,"$377,854","$109,102",0%,0,8,8,17%,0%,0%,21.6%,0%,11.5%,14.1%,"$2,542",81.2%,38.1%,45.5%,37%,40.5%
378,2,96.2%,2.6%,88.3%,51.7%,"$741,306","$115,779",0%,0,10,12,12.9%,64.1%,73.8%,92%,50.4%,98%,76.7%,"$1,613",65.3%,75%,93.3%,83.1%,36.3%
379,2,95.6%,1.2%,91.6%,99.8%,"$882,931","$205,830",0%,0,3,1,29.6%,14%,41.9%,48.4%,27.4%,14%,24.3%,"$3,500",95.8%,86.8%,88%,81.9%,57%
380,1,93.9%,1.1%,90.5%,90.7%,"$758,632","$183,793",0%,0,4,4,27.3%,7.2%,7.1%,50%,3.7%,28.4%,46.1%,"$1,917",100%,83.8%,92.4%,85.2%,82.2%
381,2,97.9%,7.2%,92.5%,36%,"$790,906","$94,764",4.7%,0,6,4,15.1%,81.3%,55.7%,96.7%,68.1%,66.5%,88.2%,"$1,825",28.1%,59.3%,57.1%,55.1%,19.2%
382,2,93.4%,24.9%,92.3%,62.4%,"$578,380","$70,935",9.6%,1,8,33,19.1%,0%,0%,99.8%,88%,100%,99.8%,"$1,018",79.5%,17.6%,31.6%,11.5%,21.6%
383,2,91.7%,19.4%,75.9%,56.2%,"$428,127","$77,116",2.1%,0,4,21,33.8%,60.4%,59.5%,75.2%,49.9%,85.2%,75.2%,"$1,110",69.3%,20.6%,31.1%,23.6%,54.8%
385,2,90.4%,49%,64.9%,48.8%,"$208,064","$49,615",0.4%,2,9,14,27.4%,1.4%,23.7%,90.9%,0%,81%,90.9%,"$1,023",69.8%,28.4%,31.1%,15.3%,39.5%
386,2,88.5%,14.8%,82.7%,61.9%,"$650,696","$99,926",7.2%,0,6,16,10.8%,17.9%,20.5%,81.3%,0%,100%,44.9%,"$1,675",47%,45.5%,--,27.3%,29.2%
387,2,87.1%,57%,63%,52.7%,"$268,085","$57,083",1.5%,1,5,27,28.3%,61.5%,39.7%,84.1%,36.2%,99.4%,84.1%,"$1,104",63.4%,25.8%,15.4%,27.7%,29.5%
388,2,98.8%,11.1%,80.2%,30.8%,"$586,132","$88,966",0%,0,6,11,10.4%,20.3%,61.4%,86.5%,65.3%,100%,82.4%,"$1,744",30.2%,59.3%,83.3%,38.1%,23.3%
389,2,97.7%,23.8%,77.1%,40.4%,"$377,636","$64,946",10.3%,1,4,18,22.9%,14.6%,15.7%,90.4%,29.2%,91%,78.4%,"$1,305",57.4%,40.7%,35.8%,34.6%,41%
390,2,93.2%,19.5%,65.5%,49%,"$443,914","$70,899",0.6%,1,0,33,15.8%,0%,100%,83.3%,67.7%,39.6%,100%,$998,41.7%,53.1%,33.3%,53.6%,21.4%
391,2,99%,2.3%,77.7%,94.4%,"$550,215","$149,219",0%,0,4,8,19.2%,0%,0%,5.4%,0%,70.1%,--,"$1,094",98.7%,67.6%,86.7%,65.8%,67.4%
392,2,98.1%,0.7%,91.2%,86.4%,"$1,269,903","$209,276",0%,0,12,3,23.7%,29.7%,33.9%,61.4%,48.2%,88.6%,60.2%,"$1,680",58.8%,94.8%,98.4%,86.1%,38.3%
393,2,97.5%,6.8%,95.1%,55.7%,"$482,354","$106,139",1.2%,0,11,25,20.8%,76%,41.6%,49.5%,77.9%,93.6%,45.9%,"$1,782",43.2%,53%,60%,50.6%,34.5%
394,2,93.3%,13%,83.9%,53.3%,"$465,254","$62,614",4.8%,1,4,17,23.1%,26.7%,4.2%,53.9%,2.4%,48.6%,61.3%,$978,36.8%,57.7%,75%,43.1%,33.7%
395,--,100%,8.8%,86.6%,43%,"$412,814","$121,823",0%,--,0,--,9.9%,29.7%,88.5%,32.8%,38.9%,92.1%,5.7%,"$1,759",33.4%,40.6%,35.3%,41.7%,49.8%
396,--,99.3%,9.6%,81.6%,94.9%,"$406,980","$79,946",0%,--,2,--,16.8%,0%,0%,0%,0%,28.9%,--,"$1,315",99.9%,65.4%,55%,38.2%,59.9%
397,--,100%,8.7%,92.1%,7.5%,"$444,525","$74,130",0%,--,0,--,7.8%,9.4%,98.8%,100%,100%,90.6%,100%,"$1,520",3.4%,48.7%,60%,35.5%,21.9%
398,--,90.9%,4.7%,70.7%,72.2%,"$586,500","$63,295",0%,--,0,--,39.6%,0%,0%,7.5%,2.2%,100%,7.5%,"$1,352",32.9%,75%,81.8%,81.3%,52%
399,--,96.9%,4.2%,81.8%,48.6%,"$572,779","$89,784",0%,--,0,--,27.4%,48.2%,47.6%,68.6%,77.7%,100%,68.6%,"$1,481",62.3%,60.7%,55.6%,73.9%,47.3%
400,--,99.4%,1.7%,85.3%,95.8%,"$397,791","$155,568",0%,--,0,0,21.6%,0%,0%,59.1%,25.9%,58.9%,70.1%,--,100%,91%,87%,77.8%,73.9%
401,--,97.5%,9.7%,85.6%,85%,"$385,131","$94,688",0%,--,0,--,17.6%,5.8%,27.5%,31.5%,9.7%,70.4%,1.9%,"$1,569",70.5%,62.5%,63.3%,54.9%,62.4%
402,--,95.5%,7.8%,86.7%,91%,"$384,934","$109,489",0%,--,0,--,22.1%,0%,1.4%,0%,0%,0.1%,--,"$2,431",82.9%,63.2%,72.7%,60%,67.2%
403,--,94.5%,3.8%,84.6%,96.5%,"$691,217","$127,411",0%,--,1,--,19.9%,27.1%,12.3%,39.4%,35.1%,30.8%,39.4%,--,94.4%,70.8%,66.7%,62.7%,62.3%
404,--,88.8%,16.1%,65.6%,44%,"$352,119","$47,212",3.6%,--,0,--,30.9%,69.6%,61.4%,20.5%,15.5%,96.5%,84.5%,"$1,307",60%,44.8%,54.8%,36.5%,50.8%
405,--,94.7%,6.7%,87.5%,72.8%,"$403,220","$90,993",0%,--,0,--,23.7%,0.8%,0.4%,42.6%,0%,100%,52.8%,"$1,922",74.7%,71.1%,72.5%,62.5%,46.3%
406,--,97%,6.7%,89.8%,87%,"$506,645","$106,938",0%,--,1,--,7.8%,26.1%,9%,22%,20.4%,44.3%,11.9%,"$1,412",92.4%,41.7%,50%,36.8%,66.9%
407,--,96.9%,10.2%,88%,95.8%,"$410,439","$113,889",0%,--,0,--,20.1%,28.4%,20.7%,14.3%,29.3%,41.9%,14.3%,--,98.8%,65.5%,35.7%,57.6%,63%
408,--,86.2%,4.9%,87.3%,69.5%,"$438,198","$96,927",0%,--,1,--,14.6%,38.9%,38.6%,35.6%,48.1%,13.9%,35.6%,--,81.3%,62.1%,52.4%,73.7%,62.3%
409,--,96%,0.6%,99.1%,92.3%,"$1,560,137","$200,455",0%,--,0,--,22.1%,31%,28.9%,28.4%,28.3%,60.3%,28.4%,"$2,106",91.9%,88.6%,76.2%,87.5%,50.3%
410,--,98.3%,2.5%,67%,81.7%,"$541,263","$98,750",0%,--,0,--,12%,0.1%,0%,19.4%,40.3%,98.2%,19.4%,"$1,682",12.7%,71.4%,--,50%,32%
411,--,89.4%,7.2%,85.7%,69.5%,"$341,462","$82,727",0%,--,0,--,25.9%,0.1%,0%,26.4%,0%,100%,26.4%,"$1,489",56.2%,71.8%,44.8%,73.8%,45.8%
412,--,100%,3.6%,83.6%,94%,"$699,720","$188,039",0%,--,0,--,24.9%,5.5%,1.2%,3.7%,3.7%,1.1%,3.7%,--,99.6%,81.6%,73.3%,84.8%,52.6%
413,--,97%,1.3%,96.3%,96.5%,"$582,691","$178,917",0%,--,0,--,28%,0%,0.4%,0.7%,0.7%,16.7%,0.7%,"$2,917",98.9%,85%,60%,83.3%,42.9%
416,--,98.4%,12.6%,87.5%,24.2%,"$314,000","$84,340",0%,--,0,--,13.2%,100%,100%,100%,100%,95.2%,100%,"$1,637",8.9%,48.1%,58.3%,61.5%,31.3%
417,--,95.7%,6.8%,88.1%,78.2%,"$498,836","$140,060",0%,--,0,--,30.2%,35.6%,46.4%,48.3%,40.3%,70%,68.4%,"$2,117",75.4%,65.3%,47.1%,61.7%,42%
418,--,97.4%,5.7%,100%,79.8%,"$603,709","$123,551",0%,--,0,--,29%,32.7%,37.7%,41.4%,41.6%,87.2%,81.9%,"$1,872",71.5%,79.8%,77.3%,61.2%,45.1%
419,--,98.9%,1.6%,96.6%,99%,"$543,045","$134,211",0%,--,0,--,26.7%,0%,0%,16.5%,0%,99.5%,17.7%,--,100%,90.2%,93.8%,78.3%,63.2%
420,--,97.4%,2.5%,86.6%,64.7%,"$493,006","$119,902",0%,--,1,--,18.3%,33.3%,52.2%,64.9%,39.8%,60.6%,64.9%,"$1,770",79%,86.8%,55.6%,77.1%,41.7%
421,--,95.3%,3%,93.7%,86.6%,"$482,506","$148,194",0%,--,0,--,27%,0%,0%,0%,0%,68.6%,--,"$2,385",55.8%,75%,58.3%,66.7%,36.2%
422,--,96.9%,14.7%,90.6%,41.4%,"$348,000","$72,387",0%,--,0,--,20.1%,26.2%,9.1%,54.4%,24.4%,62.2%,54.4%,"$1,684",43.3%,33.1%,28.9%,34.8%,46.6%
423,--,97.7%,4.7%,91.4%,95.6%,"$526,538","$119,194",0%,--,1,--,25.5%,2.3%,2%,0%,1.4%,13.5%,0.7%,"$1,545",98.3%,83.5%,71.9%,75.3%,52.6%
424,--,96.1%,1.8%,100%,94.1%,"$757,313","$131,010",0%,--,1,--,14.6%,42.3%,49.2%,59.8%,42.9%,37.3%,59.8%,--,71.8%,66.7%,57.1%,81.3%,42.4%
425,--,100%,4.6%,92.6%,97.6%,"$703,959","$113,948",0%,--,0,--,16.1%,0%,0%,0%,0%,33.7%,--,--,99.8%,63.6%,85.7%,72.7%,59.5%
426,--,97.1%,11.7%,90.4%,54.4%,"$440,667","$90,801",0%,--,0,--,15.4%,69%,62.5%,55.1%,0%,86.5%,55.1%,"$1,407",68.4%,43.4%,48.1%,51%,60.7%
428,--,97.9%,12.2%,95.9%,91.3%,"$448,795","$87,667",0%,--,0,0,25%,0%,0%,0%,0%,7.9%,0.8%,--,99.8%,42.9%,52.6%,20%,61.3%
430,--,94.2%,33.6%,61.5%,43%,"$376,858","$62,057",14.5%,--,0,--,21.3%,29.3%,17.8%,67.3%,9.8%,84.5%,67.4%,"$1,655",27.5%,35.6%,32.7%,30.1%,59.1%
431,--,97.5%,16.1%,83.6%,70%,"$386,081","$67,179",0%,--,0,--,14.9%,0.1%,0%,0%,0.4%,14.9%,--,"$1,607",100%,41.2%,32%,42.9%,61.8%
432,--,97.5%,7.1%,88.8%,93.9%,"$440,328","$135,324",0%,--,0,--,26%,0%,0%,87%,0%,28.6%,--,"$1,339",100%,58.5%,72.4%,65.4%,77.9%
433,--,95.3%,1.6%,90.8%,100%,"$494,065","$138,636",0%,--,0,--,25%,0%,0%,64.5%,0%,91.4%,64.5%,--,100%,79.2%,88.9%,80%,65.1%
434,--,98.6%,2.5%,89.8%,94.3%,"$595,385","$179,859",0%,--,1,--,25.9%,14.2%,12.6%,23.2%,14.9%,14.2%,23.2%,--,82.7%,75%,50%,66.7%,56.6%
435,--,100%,5.4%,86.7%,88.1%,"$423,438",--,0%,--,0,--,12.2%,0.4%,2.8%,3.6%,1.2%,9.7%,9.7%,--,100%,25%,--,44.4%,64.2%
436,--,94.6%,15.2%,95.2%,94.5%,"$354,826","$89,911",0%,--,1,--,23.4%,33.7%,41.4%,14.6%,39%,88.7%,32.5%,"$1,958",100%,42.5%,43.8%,30.9%,55.6%
437,--,96.8%,8.6%,80.1%,68.1%,"$495,049","$123,300",0%,--,0,--,23%,0.4%,0.7%,3.9%,0.5%,78%,30.5%,"$1,570",60.4%,57.5%,36.4%,43.4%,53.7%
438,--,98.3%,4.6%,93.5%,69.5%,"$587,604","$119,211",8.2%,--,0,--,19.3%,45.9%,58.5%,1.6%,4.7%,99.6%,15.5%,"$1,423",59.8%,77.5%,90.3%,77.6%,55.7%
442,--,98.1%,21.9%,96.2%,81.3%,"$326,283","$92,877",0%,--,1,0,24%,32.6%,40.6%,86.6%,41.8%,96.8%,52.9%,"$1,654",91%,25%,25.9%,22.9%,48.1%
443,--,93.3%,7.5%,80.8%,83.3%,"$468,351","$152,250",0%,--,2,0,25.2%,0%,0%,54.4%,0%,0%,54.4%,"$2,723",83.8%,73.2%,62.1%,57.5%,54.6%
444,--,96.5%,13.3%,81.8%,73.7%,"$359,932","$92,328",0%,--,3,--,23.8%,0%,0%,78.2%,0%,0%,78.2%,"$1,848",99.9%,50%,31%,37.4%,69.9%
445,--,98.4%,3.2%,84.6%,83.8%,"$410,342","$135,938",0%,--,0,--,26.4%,18.8%,7%,55.9%,12.1%,99.8%,28.7%,"$2,741",100%,66.2%,64.7%,76.6%,66.8%
446,--,89.8%,12.2%,76.7%,76%,"$397,288","$147,697",0%,--,0,--,24%,0%,0%,0%,0%,46.9%,--,"$2,144",100%,48.1%,27.8%,49.1%,69.1%
447,--,97.6%,5.2%,94.7%,79.9%,"$415,967","$120,911",0%,--,0,--,28.3%,0%,0%,0%,0%,67.7%,26.4%,"$2,417",93%,65.4%,64.1%,65.3%,49.4%
448,--,98.6%,5.1%,89.6%,44.7%,"$433,409","$103,655",0%,--,0,--,24.3%,45.3%,42.2%,43.9%,70.4%,99.5%,40.6%,"$1,596",26.4%,64.6%,62.5%,66.3%,34.4%
449,--,89.7%,0.9%,96.9%,97%,"$1,418,063","$195,833",0%,--,1,--,21.3%,24.5%,21%,8.5%,30.3%,47.2%,8.5%,--,83.7%,100%,68.8%,81.8%,43.4%
450,--,94.1%,4.5%,86.6%,90.5%,"$593,103","$141,886",0%,--,0,--,24.3%,0%,0%,11.9%,0%,46.2%,17%,"$2,119",99.8%,64.9%,69.6%,52.8%,74.2%
451,--,96.7%,1.5%,97%,95.6%,"$692,947","$194,884",0%,--,2,--,25%,1.7%,0%,0%,0%,82.3%,--,"$3,500",88%,77.6%,75%,78.2%,57%
452,--,98.6%,8.8%,94.6%,94.3%,"$396,469","$131,538",0%,--,0,--,20.7%,14%,22.9%,46.4%,16.7%,98.4%,74%,"$1,708",94.5%,58.8%,25%,64.5%,44.8%
453,--,100%,6.9%,83.2%,66.8%,"$322,067","$56,250",0%,--,0,--,32.1%,60.3%,54.6%,92.8%,1.3%,100%,92.8%,"$1,596",42.2%,40.9%,33.3%,42.9%,62.6%
454,--,98.4%,5.2%,88.5%,90.1%,"$476,431","$116,667",0%,--,2,--,16.4%,10.3%,10%,13.4%,14.3%,32.8%,13.4%,"$3,206",100%,82.5%,53.8%,60.7%,55%
455,--,96.8%,5%,94.7%,88.2%,"$500,778","$112,159",0%,--,0,--,19.1%,15.8%,12.2%,11.4%,3.1%,22%,11.4%,"$1,787",87.1%,53.8%,81.8%,57.5%,68.8%
456,--,100%,1.2%,66.5%,36.2%,"$506,412","$80,714",0%,--,0,--,10.7%,90.2%,33.2%,100%,100%,100%,100%,"$3,181",54.8%,85.7%,--,--,50.9%
457,--,96.4%,0.9%,93.2%,100%,"$555,526","$189,667",0%,--,0,--,31.8%,0%,0%,13.4%,0%,59.7%,58.9%,--,100%,79.3%,89.5%,78.9%,72.9%
458,--,94.4%,4.6%,93.2%,95.6%,"$482,317","$141,786",0%,--,1,--,21.5%,9.4%,9.6%,6.2%,0%,91.9%,63.6%,--,100%,85.7%,78.6%,83.6%,53%
459,--,99.7%,13.7%,81.3%,92.2%,"$446,321","$99,750",0%,--,0,--,18.1%,11.9%,9.3%,8%,0%,93.1%,21.1%,"$2,625",92.4%,47%,60%,58.2%,75.3%
460,--,94.4%,12.9%,90.9%,68.7%,"$382,462","$101,513",0%,--,2,--,24.1%,43.1%,34%,86.6%,43.5%,76.5%,63.5%,"$1,344",69%,65%,63.9%,60.4%,57.9%
462,--,88%,6.3%,73.1%,82%,"$601,965","$117,075",0%,--,0,--,20.8%,0.6%,0%,9.7%,0.2%,24.4%,9.7%,--,100%,80%,70.4%,73.4%,62.4%
463,--,98%,20.3%,81.3%,49.8%,"$373,971","$71,250",4.5%,--,1,--,23.8%,73.8%,72.8%,96.7%,88.5%,71.4%,79.1%,"$1,246",16.8%,44.4%,65%,57.1%,56.9%
464,--,95.4%,3.2%,87.3%,64.6%,"$528,309","$101,515",4.6%,--,0,--,24.8%,19.5%,44.6%,54.2%,59.2%,46.6%,40.4%,"$1,990",47.5%,83.6%,84.1%,75.9%,54.3%
465,--,97.2%,9.2%,89.5%,48.1%,"$461,857","$128,304",0%,--,0,--,28.6%,0%,0%,5.4%,0%,100%,5.4%,"$1,704",51.6%,57.1%,60%,48.6%,67%
466,--,95.4%,12%,82.9%,81.2%,"$494,380","$103,750",0%,--,2,--,32.2%,3.5%,7.6%,44.1%,0%,54.7%,44.1%,"$1,830",91.8%,47.3%,71%,48.5%,71.8%
467,--,97.5%,2.4%,97.2%,78.7%,"$451,210","$141,607",0%,--,0,--,32.5%,27.5%,26.4%,26.1%,33.9%,69%,26.1%,"$2,125",66.4%,68.6%,78.1%,76.4%,39.1%
468,--,89.9%,0.3%,100%,100%,"$1,099,500",--,0%,--,0,--,1.7%,0%,25.3%,9.8%,53.3%,71.7%,--,--,91.3%,--,--,--,62.5%
469,--,95.7%,1%,95.1%,98.2%,"$770,712","$174,306",0%,--,0,--,28.3%,0%,0%,0%,0%,94.9%,--,--,80.8%,93.5%,100%,81.4%,75.5%
470,--,100%,0.7%,89.9%,81.4%,"$670,302","$176,439",0%,--,1,--,15.9%,16.1%,3.2%,0%,14.7%,61.5%,--,"$1,801",48.5%,79.3%,70%,91.9%,44.6%
471,--,99.1%,6.2%,86.1%,30.6%,"$415,297","$99,427",0%,--,0,--,16.8%,87%,54.4%,37.3%,79.4%,99.9%,59.5%,"$1,658",39.7%,63.6%,76.5%,63.1%,46.1%
472,--,100%,1.9%,96%,78.5%,"$1,100,345","$165,767",0%,--,0,--,14.6%,2.3%,8.6%,15.1%,9.7%,69%,15.1%,--,88.8%,66.7%,86.7%,84.6%,48.1%
473,--,99.8%,6.6%,77.2%,73.4%,"$485,542","$72,313",9.7%,--,0,--,15.4%,42.5%,64.6%,71.2%,73%,88.8%,35.1%,$875,46.1%,50%,69.2%,61.5%,46.7%
474,--,100%,5.4%,90.1%,78.7%,"$798,000","$135,929",0%,--,1,--,17.5%,72.1%,57.7%,49.8%,69.1%,36.1%,49.8%,"$1,684",51.9%,60%,76.5%,58.7%,45.8%
475,--,94%,0.6%,95.4%,77.5%,"$866,494","$211,250",0%,--,0,--,27%,0%,28.5%,23.9%,47.1%,99.9%,36.2%,"$1,762",90.9%,78.6%,81.8%,85.5%,64%
476,3,96.9%,15.8%,82.5%,26.9%,"$421,799","$100,040",5.3%,0,21,--,5.9%,59.1%,79.6%,99.3%,90.5%,100%,93.3%,"$1,814",1.3%,45.3%,48.1%,32.2%,10.4%
